t,spot,imp_px,exp_px,batt,grid,soc,expw,pvgen,direct,pvbatt,pvexp,loadw,ev
1788315300,,,,9713.0,11038.0,83.3,0.0,,,,,975.0,
1788316200,0.49297,1.32,0.597,6663.0,7913.0,90.0,0.0,,,,,1030.0,
1788317100,0.52731,1.36,0.6313,0.0,979.0,90.0,0.0,,,,,928.0,
1788318000,0.65347,1.48,0.7575,0.0,1327.0,90.0,0.0,,,,,1287.0,
1788318900,0.49286,1.32,0.5969,3553.0,5050.0,90.0,0.0,,,,,1371.0,
1788319800,0.73784,1.57,0.8418,1128.0,2636.0,90.0,0.0,,,,,1439.0,
1788320700,0.9806,1.81,1.0846,0.0,1466.0,90.0,0.0,,,,,1415.0,
1788321600,1.11198,1.94,1.216,-1533.0,3.0,87.7,0.0,,,,,1522.0,
1788322500,1.12399,1.96,1.228,-1126.0,-36.0,86.6,0.0,,,,,1199.0,
1788323400,1.15355,1.98,1.2576,-992.0,-30.0,85.5,0.0,,,,,1250.0,
1788324300,1.1809,2.01,1.2849,-939.0,12.0,83.3,0.0,1819.0,724.7,,,1250.0,
1788325200,1.20513,2.04,1.3091,-928.0,23.0,82.2,0.0,1819.1,724.8,,,1138.0,
1788326100,1.22491,2.06,1.3289,0.0,0.0,82.2,44.0,1819.2,724.9,,,705.0,
1788327000,1.26371,2.09,1.3677,292.0,0.0,82.2,41.0,1819.4,725.1,,,643.0,
1788327900,1.2826,2.11,1.3866,366.0,-56.0,82.2,0.0,1819.7,725.3,532.3,,760.0,
1788328800,1.30461,2.14,1.4086,-227.0,-18.0,82.2,29.0,1819.9,725.5,532.3,,854.0,
1788329700,1.31117,2.14,1.4152,-173.0,22.0,82.2,0.0,1820.1,725.7,532.3,,664.0,
1788330600,1.32606,2.16,1.4301,-1061.0,-1198.0,81.1,1191.0,1820.3,725.8,532.3,562.2,664.0,
1788331500,1.31573,2.15,1.4197,0.0,-408.0,81.1,424.0,1820.8,726.1,532.3,562.4,743.0,
1788332400,1.32984,2.16,1.4338,-661.0,-1150.0,80.0,1125.0,1821.0,726.3,532.3,562.4,685.0,
1788333300,1.3125,2.14,1.4165,-260.0,-2261.0,80.0,2245.0,1821.6,726.5,532.3,562.8,707.0,
1788334200,1.29416,2.13,1.3982,-261.0,-410.0,80.0,438.0,1822.1,726.7,532.3,563.1,745.0,
1788335100,1.27771,2.11,1.3817,-261.0,-2773.0,78.8,2595.0,1823.0,727.0,532.3,563.7,684.0,
1788336000,1.24014,2.07,1.3441,0.0,-1944.0,78.8,2326.0,1823.4,727.1,532.3,564.0,689.0,
1788336900,1.0733,1.9,1.1773,587.0,-1510.0,80.0,1494.0,1824.5,727.6,532.4,564.5,768.0,
1788337800,0.88923,1.72,0.9932,1508.0,-139.0,81.1,116.0,1825.0,727.8,532.6,564.6,702.0,
1788338700,0.71116,1.54,0.8152,1279.0,-23.0,83.3,0.0,1825.7,728.1,533.0,564.6,726.0,
1788339600,0.56477,1.4,0.6688,533.0,32.0,83.3,0.0,1826.0,728.2,533.2,564.6,1411.0,
1788340500,0.88912,1.72,0.9931,2374.0,390.0,84.4,0.0,1826.7,728.7,533.4,564.6,813.0,
1788341400,0.59245,1.42,0.6965,988.0,27.0,86.6,0.0,1827.1,728.8,533.7,564.6,686.0,
1788342300,0.56377,1.4,0.6678,3317.0,-36.0,92.2,0.0,1828.1,729.1,534.4,564.6,745.0,
1788343200,0.47796,1.31,0.582,2060.0,208.0,97.7,29.0,1828.7,729.3,534.8,564.6,697.0,
1788344100,0.64725,1.48,0.7512,0.0,-1077.0,100.0,1039.0,1829.3,729.5,535.0,564.8,800.0,
1788345000,0.55477,1.39,0.6588,0.0,-1676.0,100.0,1685.0,1829.8,729.7,535.0,565.1,1086.0,
1788345900,0.46718,1.3,0.5712,0.0,-1726.0,100.0,1677.0,1830.8,730.1,535.0,565.7,1180.0,
1788346800,0.3468,1.18,0.4508,0.0,-1479.0,100.0,1459.0,1831.3,730.3,535.0,566.0,1181.0,
1788347700,0.49841,1.33,0.6024,0.0,-644.0,100.0,608.0,1832.3,730.7,535.0,566.6,1189.0,
1788348600,0.49397,1.33,0.598,-102.0,-13.0,100.0,0.0,1832.5,730.9,535.0,566.6,1207.0,
1788349500,0.4704,1.3,0.5744,0.0,-558.0,100.0,575.0,1833.2,731.4,535.0,566.8,1256.0,
1788350400,0.4156,1.25,0.5196,-348.0,-45.0,100.0,0.0,1833.5,731.6,535.0,566.9,1194.0,
1788351300,0.47963,1.31,0.5836,0.0,-265.0,100.0,272.0,1833.9,732.0,535.0,566.9,1236.0,
1788352200,0.51253,1.34,0.6165,0.0,-597.0,100.0,594.0,1834.2,732.2,535.0,567.0,1304.0,
1788353100,0.52242,1.35,0.6264,0.0,-1639.0,100.0,1635.0,1835.0,732.7,535.0,567.3,1238.0,
1788354000,0.51898,1.35,0.623,0.0,-50.0,100.0,85.0,1835.5,732.9,535.0,567.6,756.0,
1788354900,0.42939,1.26,0.5334,0.0,-2416.0,100.0,2376.0,1836.2,733.2,535.0,568.0,810.0,
1788355800,0.44617,1.28,0.5502,0.0,-1997.0,100.0,1992.0,1836.7,733.3,535.0,568.4,742.0,
1788356700,0.52453,1.36,0.6285,0.0,-1902.0,100.0,1877.0,1837.6,733.6,535.0,569.0,751.0,
1788357600,0.59512,1.43,0.6991,1516.0,-2871.0,97.7,2879.0,1838.1,733.8,535.0,569.3,790.0,
1788358500,0.33346,1.16,0.4375,262.0,36.0,97.7,0.0,1838.8,734.1,535.2,569.5,717.0,
1788359400,0.46095,1.29,0.565,0.0,-422.0,100.0,403.0,1839.1,734.2,535.4,569.5,584.0,
1788360300,0.48241,1.31,0.5864,0.0,-607.0,100.0,707.0,1839.7,734.5,535.5,569.7,584.0,
1788361200,0.77641,1.61,0.8804,0.0,-339.0,100.0,347.0,1840.0,734.6,535.5,569.9,528.0,
1788362100,0.43606,1.27,0.5401,0.0,-1266.0,100.0,1261.0,1840.5,734.8,535.5,570.2,535.0,
1788363000,0.74406,1.58,0.8481,0.0,-1066.0,100.0,1062.0,1840.8,734.9,535.5,570.4,590.0,
1788363900,0.92669,1.76,1.0307,0.0,-897.0,100.0,901.0,1841.2,735.1,535.5,570.6,484.0,
1788364800,1.18657,2.02,1.2906,0.0,-771.0,100.0,792.0,1841.5,735.2,535.5,570.8,400.0,
1788365700,1.12943,1.96,1.2334,0.0,-489.0,100.0,496.0,1841.9,735.4,535.5,571.0,476.0,
1788366600,1.1939,2.03,1.2979,0.0,-349.0,100.0,321.0,1842.0,735.4,535.5,571.1,419.0,
1788367500,1.20613,2.04,1.3101,0.0,-99.0,100.0,115.0,1842.3,735.6,535.5,571.2,470.0,
1788368400,1.2058,2.04,1.3098,0.0,63.0,100.0,0.0,1842.4,735.7,535.5,571.2,473.0,
1788369300,1.25493,2.09,1.3589,-601.0,21.0,100.0,0.0,1842.5,735.8,535.5,571.2,877.0,
1788370200,1.23047,2.06,1.3345,-1129.0,0.0,98.8,0.0,1842.5,735.8,535.5,571.2,1186.0,
1788371100,1.23147,2.06,1.3355,-1227.0,-12.0,96.6,0.0,1842.6,735.9,535.5,571.2,1222.0,
1788372000,1.2218,2.05,1.3258,-4154.0,-10.0,94.4,22.0,1842.6,735.9,535.5,571.2,4033.0,
1788372900,1.24025,2.07,1.3443,-2578.0,23.0,90.0,0.0,1842.6,735.9,535.5,571.2,2516.0,
1788373800,1.20702,2.04,1.311,-1594.0,-17.0,86.6,0.0,1842.6,735.9,535.5,571.2,1517.0,
1788374700,1.18601,2.02,1.29,-1622.0,13.0,82.2,0.0,1842.6,735.9,535.5,571.2,1516.0,
1788375600,1.16044,1.99,1.2644,-1351.0,-11.0,80.0,0.0,1842.6,735.9,535.5,571.2,1352.0,
1788376500,1.21813,2.05,1.3221,-1327.0,-16.0,76.6,0.0,1842.6,735.9,535.5,571.2,1307.0,
1788377400,1.18768,2.02,1.2917,-1474.0,-10.0,74.4,0.0,1842.6,735.9,535.5,571.2,1402.0,
1788378300,1.18179,2.01,1.2858,-1279.0,-20.0,72.2,32.0,1842.6,735.9,535.5,571.2,1214.0,
1788379200,1.15222,1.98,1.2562,-1475.0,23.0,71.1,0.0,1842.6,735.9,535.5,571.2,1436.0,
1788380100,1.19957,2.03,1.3036,-1478.0,18.0,68.8,0.0,1842.6,735.9,535.5,571.2,1436.0,
1788381000,1.1361,1.97,1.2401,-883.0,25.0,66.6,0.0,1842.6,735.9,535.5,571.2,834.0,
1788381900,0.9447,1.78,1.0487,-692.0,12.0,66.6,38.0,1842.6,735.9,535.5,571.2,635.0,
1788382800,0.51286,1.34,0.6169,-710.0,20.0,65.5,34.0,1842.6,735.9,535.5,571.2,635.0,
1788383700,1.0992,1.93,1.2032,-694.0,-31.0,64.4,0.0,1842.6,735.9,535.5,571.2,675.0,
1788384600,0.80142,1.63,0.9054,-639.0,10.0,63.3,0.0,1842.6,735.9,535.5,571.2,600.0,
1788385500,0.46518,1.3,0.5692,-743.0,-44.0,62.2,0.0,1842.6,735.9,535.5,571.2,656.0,
1788386400,0.28989,1.12,0.3939,0.0,721.0,62.2,0.0,1842.6,735.9,535.5,571.2,659.0,
1788387300,0.28989,1.12,0.3939,0.0,659.0,62.2,0.0,1842.6,735.9,535.5,571.2,614.0,
1788388200,0.28989,1.12,0.3939,0.0,716.0,62.2,0.0,1842.6,735.9,535.5,571.2,672.0,
1788389100,0.28989,1.12,0.3939,0.0,664.0,62.2,0.0,1842.6,735.9,535.5,571.2,620.0,
1788390000,0.28989,1.12,0.3939,0.0,672.0,62.2,0.0,1842.6,735.9,535.5,571.2,620.0,
1788390900,0.28989,1.12,0.3939,0.0,732.0,62.2,0.0,1842.6,735.9,535.5,571.2,687.0,
1788391800,0.28989,1.12,0.3939,0.0,666.0,62.2,0.0,1842.6,735.9,535.5,571.2,626.0,
1788392700,0.28989,1.12,0.3939,0.0,668.0,62.2,0.0,1842.6,735.9,535.5,571.2,626.0,
1788393600,0.28989,1.12,0.3939,0.0,726.0,62.2,0.0,1842.6,735.9,535.5,571.2,683.0,
1788394500,0.28989,1.12,0.3939,0.0,669.0,62.2,0.0,1842.6,735.9,535.5,571.2,622.0,
1788395400,0.28989,1.12,0.3939,0.0,680.0,62.2,0.0,1842.6,735.9,535.5,571.2,622.0,
1788396300,0.28989,1.12,0.3939,0.0,734.0,62.2,0.0,1842.6,735.9,535.5,571.2,701.0,
1788397200,0.28989,1.12,0.3939,0.0,666.0,62.2,0.0,1842.6,735.9,535.5,571.2,641.0,
1788398100,0.28989,1.12,0.3939,0.0,955.0,62.2,0.0,1842.6,735.9,535.5,571.2,904.0,
1788399000,0.28989,1.12,0.3939,0.0,975.0,62.2,0.0,1842.6,735.9,535.5,571.2,920.0,
1788399900,0.28989,1.12,0.3939,0.0,920.0,62.2,0.0,1842.6,735.9,535.5,571.2,864.0,
1788400800,0.28989,1.12,0.3939,0.0,933.0,62.2,0.0,1842.6,735.9,535.5,571.2,864.0,
1788401700,0.28989,1.12,0.3939,0.0,958.0,62.2,0.0,1842.6,735.9,535.5,571.2,920.0,
1788402600,0.28989,1.12,0.3939,0.0,902.0,62.2,0.0,1842.6,735.9,535.5,571.2,867.0,
1788403500,0.28989,1.12,0.3939,0.0,1270.0,62.2,0.0,1842.6,735.9,535.5,571.2,1214.0,
1788404400,0.28989,1.12,0.3939,0.0,1314.0,62.2,0.0,1842.6,735.9,535.5,571.2,1256.0,
1788405300,0.28989,1.12,0.3939,3282.0,4683.0,65.5,0.0,1842.6,735.9,535.5,571.2,1308.0,
1788406200,0.28989,1.12,0.3939,0.0,1398.0,65.5,0.0,1842.6,735.9,535.5,571.2,1354.0,
1788407100,0.28989,1.12,0.3939,-1342.0,0.0,64.4,0.0,1842.6,735.9,535.5,571.2,1306.0,
1788408000,0.28989,1.12,0.3939,-1416.0,-12.0,62.2,66.0,1842.6,735.9,535.5,571.2,1328.0,
1788408900,0.28989,1.12,0.3939,-1005.0,-6.0,61.1,0.0,1842.6,735.9,535.5,571.2,1040.0,
1788409800,0.28989,1.12,0.3939,-810.0,41.0,60.0,0.0,1842.6,735.9,535.5,571.2,996.0,
1788410700,0.28989,1.12,0.3939,-588.0,-45.0,58.8,0.0,1842.7,736.0,535.5,571.2,987.0,
1788411600,0.28989,1.12,0.3939,-499.0,0.0,57.7,0.0,1842.8,736.1,535.5,571.2,1062.0,
1788412500,0.28989,1.12,0.3939,-322.0,-9.0,57.7,21.0,1843.0,736.3,535.5,571.2,1013.0,
1788413400,0.28989,1.12,0.3939,-391.0,-6.0,56.6,0.0,1843.2,736.5,535.5,571.2,1317.0,
1788414300,0.28989,1.12,0.3939,-8607.0,-8191.0,45.5,8178.0,1843.5,736.8,535.5,571.2,1369.0,
1788415200,0.28989,1.12,0.3939,-8374.0,-8195.0,35.5,8138.0,1843.7,737.0,535.5,571.2,1313.0,
1788416100,0.28989,1.12,0.3939,0.0,-197.0,34.4,129.0,1844.2,737.5,535.5,571.2,1409.0,
1788417000,0.28989,1.12,0.3939,0.0,-654.0,34.4,710.0,1844.5,737.8,535.5,571.2,1164.0,
1788417900,0.28989,1.12,0.3939,0.0,-644.0,34.4,668.0,1845.1,738.2,535.5,571.4,1375.0,
1788418800,0.28989,1.12,0.3939,0.0,-813.0,34.4,849.0,1845.5,738.5,535.5,571.5,1437.0,
1788419700,0.28989,1.12,0.3939,-7145.0,-8442.0,25.5,8406.0,1846.3,739.0,535.5,571.8,961.0,
1788420600,0.28989,1.12,0.3939,-6771.0,-8727.0,16.6,8707.0,1846.8,739.2,535.5,572.1,659.0,
1788421500,0.28989,1.12,0.3939,-5201.0,-7338.0,12.2,7303.0,1847.8,739.5,535.5,572.8,721.0,
1788422400,0.28989,1.12,0.3939,0.0,-2321.0,12.2,2290.0,1848.3,739.7,535.5,573.1,622.0,
1788423300,0.28989,1.12,0.3939,0.0,-2201.0,12.2,2145.0,1849.2,739.9,535.5,573.8,623.0,
1788424200,0.28989,1.12,0.3939,0.0,-1306.0,12.2,615.0,1849.7,740.1,535.5,574.1,657.0,
1788425100,0.28989,1.12,0.3939,0.0,-1346.0,12.2,1458.0,1850.3,740.3,535.5,574.5,614.0,
1788426000,0.28989,1.12,0.3939,0.0,-1199.0,12.2,1125.0,1850.6,740.4,535.5,574.7,614.0,
1788426900,0.28989,1.12,0.3939,0.0,-1583.0,12.2,1583.0,1851.4,740.7,535.5,575.2,682.0,
1788427800,0.28989,1.12,0.3939,0.0,-1729.0,12.2,1700.0,1851.7,740.8,535.5,575.4,622.0,
1788428700,0.28989,1.12,0.3939,1852.0,-19.0,14.4,0.0,1852.6,741.1,535.8,575.7,630.0,
1788429600,0.28989,1.12,0.3939,2646.0,-87.0,16.6,0.0,1853.0,741.2,536.1,575.7,685.0,
1788430500,0.28989,1.12,0.3939,2772.0,17.0,21.1,72.0,1854.2,741.5,537.0,575.7,817.0,
1788431400,0.28989,1.12,0.3939,2289.0,-1468.0,23.3,1474.0,1854.8,741.6,537.4,575.8,614.0,
1788432300,0.28989,1.12,0.3939,3677.0,20.0,27.7,0.0,1856.3,741.9,538.4,576.0,729.0,
1788433200,0.28989,1.12,0.3939,3707.0,-5.0,33.3,0.0,1857.2,742.1,539.1,576.0,655.0,
1788434100,0.28989,1.12,0.3939,3730.0,21.0,37.7,43.0,1858.6,742.3,540.3,576.0,631.0,
1788435000,0.28989,1.12,0.3939,3526.0,31.0,42.2,30.0,1859.4,742.5,540.9,576.0,819.0,
1788435900,0.28989,1.12,0.3939,3588.0,33.0,47.7,0.0,1860.9,742.8,542.1,576.0,762.0,
1788436800,0.28989,1.12,0.3939,3314.0,6.0,52.2,0.0,1861.6,742.9,542.7,576.0,819.0,
1788437700,0.28989,1.12,0.3939,2724.0,22.0,55.5,78.0,1863.1,743.3,543.8,576.0,816.0,
1788438600,0.28989,1.12,0.3939,2403.0,-143.0,58.8,121.0,1863.6,743.4,544.2,576.0,763.0,
1788439500,0.28989,1.12,0.3939,2361.0,20.0,62.2,0.0,1864.7,743.7,545.0,576.0,857.0,
1788440400,0.28989,1.12,0.3939,2400.0,-41.0,65.5,0.0,1865.3,743.9,545.4,576.0,783.0,
1788441300,0.28989,1.12,0.3939,4930.0,2972.0,71.1,0.0,1866.3,744.0,546.3,576.0,850.0,
1788442200,0.28989,1.12,0.3939,2969.0,1126.0,74.4,0.0,1866.7,744.0,546.7,576.0,846.0,
1788443100,0.28989,1.12,0.3939,1892.0,-8.0,77.7,0.0,1867.6,744.2,547.4,576.0,778.0,
1788444000,0.28989,1.12,0.3939,0.0,-22.0,78.8,0.0,1868.1,744.4,547.7,576.0,769.0,
1788444900,0.28989,1.12,0.3939,2090.0,723.0,81.1,0.0,1868.8,744.6,548.2,576.0,1083.0,
1788445800,0.28989,1.12,0.3939,1106.0,-18.0,83.3,21.0,1869.3,744.8,548.5,576.0,1057.0,
1788446700,0.28989,1.12,0.3939,870.0,14.0,84.4,36.0,1870.1,745.2,548.8,576.1,1083.0,
1788447600,0.28989,1.12,0.3939,1421.0,33.0,84.4,0.0,1870.3,745.3,548.9,576.1,1142.0,
1788448500,0.28989,1.12,0.3939,700.0,-42.0,86.6,62.0,1871.1,745.8,549.2,576.1,1022.0,
1788449400,0.28989,1.12,0.3939,859.0,-20.0,86.6,0.0,1871.3,745.9,549.3,576.1,688.0,
1788450300,0.28989,1.12,0.3939,484.0,0.0,87.7,0.0,1871.9,746.2,549.6,576.1,736.0,
1788451200,0.28989,1.12,0.3939,708.0,25.0,88.8,0.0,1872.2,746.4,549.7,576.1,470.0,
1788452100,0.28989,1.12,0.3939,388.0,-19.0,88.8,64.0,1872.5,746.6,549.8,576.1,477.0,
1788453000,0.28989,1.12,0.3939,0.0,64.0,88.8,0.0,1872.7,746.7,549.9,576.1,605.0,
1788453900,0.28989,1.12,0.3939,0.0,33.0,88.8,0.0,1872.9,746.9,549.9,576.1,431.0,
1788454800,0.28989,1.12,0.3939,-346.0,29.0,88.8,0.0,1872.9,746.9,549.9,576.1,531.0,
1788455700,0.28989,1.12,0.3939,-614.0,-19.0,88.8,23.0,1873.0,747.0,549.9,576.1,805.0,
1788456600,0.28989,1.12,0.3939,-693.0,19.0,87.7,0.0,1873.0,747.0,549.9,576.1,719.0,
1788457500,0.28989,1.12,0.3939,-811.0,16.0,86.6,0.0,1873.1,747.1,549.9,576.1,774.0,
1788458400,0.28989,1.12,0.3939,-802.0,-3.0,85.5,0.0,1873.1,747.1,549.9,576.1,776.0,
1788459300,0.28989,1.12,0.3939,-933.0,-6.0,84.4,23.0,1873.1,747.1,549.9,576.1,849.0,
1788460200,0.28989,1.12,0.3939,-643.0,-19.0,83.3,0.0,1873.1,747.1,549.9,576.1,621.0,
1788461100,0.28989,1.12,0.3939,-504.0,26.0,83.3,0.0,1873.1,747.1,549.9,576.1,448.0,
1788462000,0.28989,1.12,0.3939,-460.0,14.0,82.2,0.0,1873.1,747.1,549.9,576.1,432.0,
1788462900,0.28989,1.12,0.3939,-517.0,19.0,81.1,0.0,1873.1,747.1,549.9,576.1,487.0,
1788463800,0.28989,1.12,0.3939,-717.0,-20.0,81.1,0.0,1873.1,747.1,549.9,576.1,721.0,
1788464700,0.28989,1.12,0.3939,-947.0,-16.0,80.0,0.0,1873.1,747.1,549.9,576.1,902.0,
1788465600,0.28989,1.12,0.3939,-974.0,-6.0,77.7,0.0,1873.1,747.1,549.9,576.1,955.0,
1788466500,0.28989,1.12,0.3939,-945.0,-20.0,76.6,0.0,1873.1,747.1,549.9,576.1,896.0,
1788467400,0.28989,1.12,0.3939,-977.0,-32.0,75.5,25.0,1873.1,747.1,549.9,576.1,954.0,
1788468300,0.28989,1.12,0.3939,-1448.0,11.0,73.3,39.0,1873.1,747.1,549.9,576.1,1416.0,
1788469200,0.28989,1.12,0.3939,-884.0,0.0,72.2,0.0,1873.1,747.1,549.9,576.1,843.0,
1788470100,0.28989,1.12,0.3939,-807.0,-25.0,71.1,0.0,1873.1,747.1,549.9,576.1,782.0,
1788471000,0.28989,1.12,0.3939,-929.0,-32.0,70.0,0.0,1873.1,747.1,549.9,576.1,843.0,
1788471900,0.28989,1.12,0.3939,-834.0,0.0,68.8,0.0,1873.1,747.1,549.9,576.1,771.0,
1788472800,0.28989,1.12,0.3939,-826.0,6.0,67.7,47.0,1873.1,747.1,549.9,576.1,770.0,
1788473700,0.28989,1.12,0.3939,-837.0,-19.0,66.6,0.0,1873.1,747.1,549.9,576.1,814.0,
1788474600,0.28989,1.12,0.3939,0.0,815.0,66.6,0.0,1873.1,747.1,549.9,576.1,757.0,
1788475500,0.28989,1.12,0.3939,-838.0,0.0,65.5,20.0,1873.1,747.1,549.9,576.1,776.0,
1788476400,0.28989,1.12,0.3939,0.0,877.0,65.5,0.0,1873.1,747.1,549.9,576.1,860.0,
1788477300,0.28989,1.12,0.3939,0.0,828.0,64.4,0.0,1873.1,747.1,549.9,576.1,808.0,
1788478200,0.28989,1.12,0.3939,0.0,884.0,64.4,0.0,1873.1,747.1,549.9,576.1,862.0,
1788479100,0.28989,1.12,0.3939,0.0,873.0,64.4,0.0,1873.1,747.1,549.9,576.1,847.0,
1788480000,0.28989,1.12,0.3939,0.0,643.0,64.4,0.0,1873.1,747.1,549.9,576.1,620.0,
1788480900,0.28989,1.12,0.3939,0.0,8088.0,64.4,0.0,1873.1,747.1,549.9,576.1,8019.0,7084.312
1788481800,0.28989,1.12,0.3939,0.0,11511.0,64.4,0.0,1873.1,747.1,549.9,576.1,11398.0,10453.176
1788482700,0.28989,1.12,0.3939,0.0,11424.0,64.4,0.0,1873.1,747.1,549.9,576.1,11361.0,10453.176
1788483600,0.28989,1.12,0.3939,0.0,11473.0,64.4,0.0,1873.1,747.1,549.9,576.1,11398.0,10453.176
1788484500,0.28989,1.12,0.3939,0.0,9744.0,64.4,0.0,1873.1,747.1,549.9,576.1,9652.0,8478.048
1788485400,0.28989,1.12,0.3939,0.0,11680.0,64.4,0.0,1873.1,747.1,549.9,576.1,11635.0,10479.043
1788486300,0.28989,1.12,0.3939,0.0,11717.0,64.4,0.0,1873.1,747.1,549.9,576.1,11654.0,10479.043
1788487200,0.28989,1.12,0.3939,0.0,11753.0,64.4,0.0,1873.1,747.1,549.9,576.1,11668.0,10479.043
1788488100,0.28989,1.12,0.3939,0.0,927.0,64.4,0.0,1873.1,747.1,549.9,576.1,893.0,0.0
1788489000,0.28989,1.12,0.3939,0.0,1114.0,64.4,0.0,1873.1,747.1,549.9,576.1,1085.0,0.0
1788489900,0.28989,1.12,0.3939,0.0,1077.0,64.4,0.0,1873.1,747.1,549.9,576.1,1033.0,0.0
1788490800,0.28989,1.12,0.3939,0.0,933.0,64.4,0.0,1873.1,747.1,549.9,576.1,892.0,0.0
1788491700,0.28989,1.12,0.3939,9713.0,11305.0,75.5,0.0,1873.1,747.1,549.9,576.1,1246.0,0.0
1788492600,0.28989,1.12,0.3939,4802.0,5969.0,82.2,0.0,1873.1,747.1,549.9,576.1,1001.0,0.0
1788493500,0.28989,1.12,0.3939,0.0,2609.0,82.2,0.0,1873.1,747.1,549.9,576.1,2579.0,0.0
1788494400,0.28989,1.12,0.3939,-1261.0,-8.0,81.1,0.0,1873.1,747.1,549.9,576.1,1244.0,0.0
1788495300,0.28989,1.12,0.3939,-1193.0,0.0,78.8,42.0,1873.1,747.1,549.9,576.1,1323.0,126.934
1788496200,0.28989,1.12,0.3939,-1208.0,16.0,77.7,68.0,1873.1,747.1,549.9,576.1,1385.0,126.934
1788497100,0.28989,1.12,0.3939,-773.0,19.0,76.6,0.0,1873.2,747.2,549.9,576.1,1303.0,126.934
1788498000,0.28989,1.12,0.3939,-2470.0,-8.0,73.3,0.0,1873.3,747.3,549.9,576.1,3206.0,126.934
1788498900,0.28989,1.12,0.3939,-274.0,-10.0,71.1,0.0,1873.6,747.6,549.9,576.1,1435.0,126.934
1788499800,0.28989,1.12,0.3939,-152.0,16.0,71.1,0.0,1873.9,747.9,549.9,576.1,1506.0,126.934
1788500700,0.28989,1.12,0.3939,0.0,-22.0,71.1,31.0,1874.2,748.2,549.9,576.1,1235.0,126.934
1788501600,0.28989,1.12,0.3939,-1845.0,-9.0,68.8,0.0,1874.4,748.4,549.9,576.1,3316.0,126.934
1788502500,0.28989,1.12,0.3939,688.0,46.0,67.7,0.0,1874.9,748.9,549.9,576.1,1462.0,126.934
1788503400,0.28989,1.12,0.3939,1347.0,-18.0,70.0,55.0,1875.3,749.2,550.0,576.1,975.0,126.934
1788504300,0.28989,1.12,0.3939,2004.0,39.0,71.1,0.0,1876.1,749.5,550.5,576.1,750.0,126.934
1788505200,0.28989,1.12,0.3939,0.0,-10.0,72.2,32.0,1876.4,749.6,550.7,576.1,991.0,126.934
1788506100,0.28989,1.12,0.3939,1428.0,-22.0,73.3,0.0,1876.9,750.0,550.8,576.1,744.0,126.934
1788507000,0.28989,1.12,0.3939,418.0,-282.0,73.3,266.0,1877.3,750.2,550.9,576.2,948.0,126.934
1788507900,0.28989,1.12,0.3939,403.0,-536.0,74.4,566.0,1877.8,750.5,551.0,576.3,620.0,126.934
1788508800,0.28989,1.12,0.3939,616.0,18.0,75.5,0.0,1878.1,750.6,551.2,576.3,902.0,126.934
1788509700,0.28989,1.12,0.3939,1050.0,-3.0,75.5,0.0,1878.7,751.0,551.4,576.3,745.0,126.934
1788510600,0.28989,1.12,0.3939,1280.0,15.0,77.7,0.0,1879.0,751.1,551.6,576.3,746.0,126.934
1788511500,0.28989,1.12,0.3939,247.0,-1022.0,77.7,1001.0,1879.7,751.4,551.8,576.5,926.0,126.934
1788512400,0.28989,1.12,0.3939,1831.0,13.0,80.0,46.0,1880.1,751.6,552.0,576.5,745.0,126.934
1788513300,0.28989,1.12,0.3939,618.0,-868.0,81.1,850.0,1881.0,751.9,552.4,576.7,678.0,126.934
1788514200,0.28989,1.12,0.3939,1451.0,14.0,82.2,43.0,1881.3,752.0,552.6,576.7,938.0,126.934
1788515100,0.28989,1.12,0.3939,908.0,12.0,84.4,0.0,1882.2,752.4,553.1,576.7,797.0,126.934
1788516000,0.28989,1.12,0.3939,1310.0,22.0,85.5,0.0,1882.5,752.6,553.2,576.7,803.0,126.934
1788516900,0.28989,1.12,0.3939,-702.0,-18.0,86.6,105.0,1883.3,752.9,553.6,576.8,2451.0,126.934
1788517800,0.28989,1.12,0.3939,957.0,28.0,87.7,42.0,1883.5,753.0,553.7,576.8,759.0,126.934
1788518700,0.28989,1.12,0.3939,1224.0,-26.0,88.8,0.0,1884.2,753.4,554.0,576.8,736.0,126.934
1788519600,0.28989,1.12,0.3939,2023.0,-11.0,90.0,0.0,1884.6,753.5,554.3,576.8,768.0,126.934
1788520500,0.28989,1.12,0.3939,910.0,26.0,90.0,0.0,1885.5,753.8,554.9,576.8,852.0,126.934
1788521400,0.28989,1.12,0.3939,1082.0,28.0,90.0,0.0,1885.8,754.0,555.0,576.8,639.0,126.934
1788522300,0.28989,1.12,0.3939,1386.0,-31.0,90.0,0.0,1886.5,754.3,555.4,576.8,921.0,126.934
1788523200,0.28989,1.12,0.3939,488.0,5.0,90.0,0.0,1886.8,754.4,555.6,576.8,803.0,126.934
1788524100,0.28989,1.12,0.3939,1083.0,17.0,90.0,0.0,1887.3,754.7,555.8,576.8,782.0,126.934
1788525000,0.28989,1.12,0.3939,691.0,0.0,90.0,0.0,1887.7,754.9,556.0,576.8,620.0,126.934
1788525900,0.28989,1.12,0.3939,1101.0,-40.0,90.0,0.0,1888.2,755.2,556.2,576.8,795.0,126.934
1788526800,0.28989,1.12,0.3939,0.0,110.0,90.0,0.0,1888.5,755.3,556.4,576.8,994.0,126.934
1788527700,0.28989,1.12,0.3939,445.0,-10.0,90.0,0.0,1888.9,755.6,556.5,576.8,776.0,126.934
1788528600,0.28989,1.12,0.3939,0.0,96.0,90.0,0.0,1889.2,755.8,556.6,576.8,787.0,126.934
1788529500,0.28989,1.12,0.3939,-236.0,10.0,90.0,36.0,1889.4,756.0,556.6,576.8,834.0,126.934
1788530400,0.28989,1.12,0.3939,143.0,-43.0,88.8,0.0,1889.5,756.1,556.6,576.8,646.0,126.934
1788531300,0.28989,1.12,0.3939,-552.0,15.0,88.8,0.0,1889.8,756.4,556.6,576.8,942.0,126.934
1788532200,0.28989,1.12,0.3939,-411.0,-47.0,88.8,0.0,1889.9,756.5,556.6,576.8,952.0,126.934
1788533100,0.28989,1.12,0.3939,-498.0,32.0,87.7,21.0,1890.1,756.7,556.6,576.8,959.0,126.934
1788534000,0.28989,1.12,0.3939,-290.0,10.0,87.7,0.0,1890.2,756.8,556.6,576.8,726.0,126.934
1788534900,0.28989,1.12,0.3939,0.0,440.0,87.7,0.0,1890.3,756.9,556.6,576.8,765.0,126.934
1788535800,0.28989,1.12,0.3939,-532.0,35.0,87.7,0.0,1890.4,757.0,556.6,576.8,858.0,126.934
1788536700,0.28989,1.12,0.3939,-750.0,-8.0,86.6,0.0,1890.5,757.1,556.6,576.8,922.0,126.934
1788537600,0.28989,1.12,0.3939,-473.0,-25.0,85.5,50.0,1890.6,757.2,556.6,576.8,560.0,126.934
1788538500,0.28989,1.12,0.3939,-896.0,6.0,84.4,58.0,1890.6,757.2,556.6,576.8,839.0,0.0
1788539400,0.28989,1.12,0.3939,-507.0,13.0,83.3,0.0,1890.6,757.2,556.6,576.8,501.0,0.0
1788540300,0.28989,1.12,0.3939,-1124.0,7.0,82.2,0.0,1890.6,757.2,556.6,576.8,1130.0,0.0
1788541200,0.28989,1.12,0.3939,-1671.0,30.0,81.1,0.0,1890.6,757.2,556.6,576.8,1649.0,0.0
1788542100,0.28989,1.12,0.3939,-899.0,-15.0,78.8,0.0,1890.6,757.2,556.6,576.8,1203.0,0.0
1788543000,0.28989,1.12,0.3939,-1125.0,45.0,76.6,30.0,1890.6,757.2,556.6,576.8,1052.0,0.0
1788543900,0.28989,1.12,0.3939,-1131.0,0.0,75.5,42.0,1890.6,757.2,556.6,576.8,1079.0,0.0
1788544800,0.28989,1.12,0.3939,-1688.0,-5.0,73.3,0.0,1890.6,757.2,556.6,576.8,1646.0,0.0
1788545700,0.28989,1.12,0.3939,-1726.0,-16.0,71.1,24.0,1890.6,757.2,556.6,576.8,1656.0,0.0
1788546600,0.28989,1.12,0.3939,-1621.0,17.0,68.8,0.0,1890.6,757.2,556.6,576.8,1622.0,0.0
1788547500,0.28989,1.12,0.3939,-1764.0,38.0,66.6,0.0,1890.6,757.2,556.6,576.8,1663.0,0.0
1788548400,0.28989,1.12,0.3939,-1444.0,-16.0,64.4,0.0,1890.6,757.2,556.6,576.8,1432.0,0.0
1788549300,0.28989,1.12,0.3939,-1692.0,54.0,62.2,0.0,1890.6,757.2,556.6,576.8,1583.0,0.0
1788550200,0.28989,1.12,0.3939,-1245.0,-23.0,60.0,0.0,1890.6,757.2,556.6,576.8,1163.0,0.0
1788551100,0.28989,1.12,0.3939,-1076.0,-34.0,58.8,0.0,1890.6,757.2,556.6,576.8,1006.0,0.0
1788552000,0.28989,1.12,0.3939,-1134.0,18.0,57.7,0.0,1890.6,757.2,556.6,576.8,1105.0,0.0
1788552900,0.97253,1.8,1.0765,-1042.0,0.0,55.5,0.0,1890.6,757.2,556.6,576.8,1003.0,0.0
1788553800,0.87603,1.71,0.98,-863.0,-5.0,54.4,0.0,1890.6,757.2,556.6,576.8,764.0,0.0
1788554700,0.7941,1.63,0.8981,-969.0,7.0,53.3,75.0,1890.6,757.2,556.6,576.8,876.0,0.0
1788555600,0.63601,1.47,0.74,0.0,906.0,53.3,0.0,1890.6,757.2,556.6,576.8,887.0,0.0
1788556500,0.7722,1.6,0.8762,-843.0,-11.0,52.2,0.0,1890.6,757.2,556.6,576.8,802.0,0.0
1788557400,0.66058,1.49,0.7646,0.0,849.0,52.2,0.0,1890.6,757.2,556.6,576.8,780.0,0.0
1788558300,0.46992,1.3,0.5739,0.0,762.0,52.2,0.0,1890.6,757.2,556.6,576.8,714.0,0.0
1788559200,0.15942,0.99,0.2634,9701.0,10900.0,63.3,0.0,1890.6,757.2,556.6,576.8,862.0,0.0
1788560100,0.46197,1.29,0.566,-876.0,3.0,63.3,0.0,1890.6,757.2,556.6,576.8,821.0,0.0
1788561000,0.36322,1.19,0.4672,-964.0,20.0,62.2,51.0,1890.6,757.2,556.6,576.8,873.0,0.0
1788561900,0.25325,1.08,0.3572,0.0,616.0,61.1,0.0,1890.6,757.2,556.6,576.8,585.0,0.0
1788562800,0.21327,1.04,0.3173,0.0,635.0,61.1,0.0,1890.6,757.2,556.6,576.8,606.0,0.0
1788563700,0.4192,1.25,0.5232,-837.0,-38.0,61.1,0.0,1890.6,757.2,556.6,576.8,830.0,0.0
1788564600,0.33312,1.16,0.4371,-870.0,0.0,60.0,0.0,1890.6,757.2,556.6,576.8,834.0,0.0
1788565500,0.27514,1.11,0.3791,0.0,1135.0,60.0,0.0,1890.6,757.2,556.6,576.8,1008.0,0.0
1788566400,0.21971,1.05,0.3237,0.0,880.0,60.0,0.0,1890.6,757.2,556.6,576.8,832.0,0.0
1788567300,0.33323,1.16,0.4372,-825.0,29.0,58.8,0.0,1890.6,757.2,556.6,576.8,771.0,0.0
1788568200,0.31379,1.15,0.4178,-659.0,4.0,57.7,0.0,1890.6,757.2,556.6,576.8,624.0,0.0
1788569100,0.26214,1.09,0.3661,0.0,723.0,57.7,0.0,1890.6,757.2,556.6,576.8,669.0,0.0
1788570000,0.20627,1.04,0.3103,0.0,608.0,56.6,0.0,1890.6,757.2,556.6,576.8,560.0,0.0
1788570900,0.30613,1.14,0.4101,-9992.0,1445.0,44.4,0.0,1890.6,757.2,556.6,576.8,11145.0,10381.621
1788571800,0.26947,1.1,0.3735,0.0,7901.0,44.4,0.0,1890.6,757.2,556.6,576.8,7757.0,7065.298
1788572700,0.24659,1.08,0.3506,0.0,11136.0,44.4,0.0,1890.6,757.2,556.6,576.8,11058.0,10376.521
1788573600,0.20205,1.03,0.306,0.0,619.0,43.3,0.0,1890.6,757.2,556.6,576.8,584.0,0.0
1788574500,0.2908,1.12,0.3948,0.0,677.0,43.3,0.0,1890.6,757.2,556.6,576.8,650.0,0.0
1788575400,0.25514,1.09,0.3591,0.0,608.0,43.3,0.0,1890.6,757.2,556.6,576.8,570.0,0.0
1788576300,0.22293,1.05,0.3269,0.0,614.0,43.3,0.0,1890.6,757.2,556.6,576.8,559.0,0.0
1788577200,0.17806,1.01,0.2821,0.0,682.0,43.3,0.0,1890.6,757.2,556.6,576.8,614.0,0.0
1788578100,0.23093,1.06,0.3349,0.0,463.0,43.3,0.0,1890.6,757.2,556.6,576.8,417.0,0.0
1788579000,0.23259,1.06,0.3366,0.0,608.0,43.3,0.0,1890.6,757.2,556.6,576.8,573.0,0.0
1788579900,0.21615,1.05,0.3201,0.0,735.0,43.3,0.0,1890.6,757.2,556.6,576.8,682.0,0.0
1788580800,0.20416,1.04,0.3082,0.0,754.0,43.3,0.0,1890.6,757.2,556.6,576.8,717.0,0.0
1788581700,0.23293,1.06,0.3369,0.0,793.0,43.3,0.0,1890.6,757.2,556.6,576.8,761.0,0.0
1788582600,0.23437,1.07,0.3384,0.0,690.0,43.3,0.0,1890.6,757.2,556.6,576.8,650.0,0.0
1788583500,0.24204,1.07,0.346,0.0,667.0,43.3,0.0,1890.6,757.2,556.6,576.8,748.0,0.0
1788584400,0.24337,1.07,0.3474,-439.0,28.0,43.3,0.0,1890.6,757.2,556.6,576.8,649.0,0.0
1788585300,0.22337,1.05,0.3274,0.0,1501.0,43.3,0.0,1890.7,757.3,556.6,576.8,1822.0,0.0
1788586200,0.23604,1.07,0.34,-167.0,1196.0,43.3,0.0,1890.8,757.4,556.6,576.8,1774.0,0.0
1788587100,0.24803,1.08,0.352,-2562.0,5.0,41.1,0.0,1890.9,757.5,556.6,576.8,2979.0,0.0
1788588000,0.26236,1.09,0.3664,-926.0,10.0,38.8,0.0,1891.0,757.6,556.6,576.8,1712.0,0.0
1788588900,0.26525,1.1,0.3692,-195.0,-6.0,36.6,0.0,1891.3,757.9,556.6,576.8,1847.0,0.0
1788589800,0.23915,1.07,0.3432,-166.0,15.0,35.5,0.0,1891.6,758.2,556.6,576.8,1393.0,0.0
1788590700,0.13896,0.97,0.243,-369.0,22.0,35.5,0.0,1892.0,758.6,556.6,576.8,1442.0,0.0
1788591600,0.12863,0.96,0.2326,193.0,21.0,35.5,0.0,1892.2,758.8,556.6,576.8,1180.0,0.0
1788592500,0.12018,0.95,0.2242,0.0,81.0,34.4,0.0,1892.6,759.2,556.6,576.8,1435.0,0.0
1788593400,0.11174,0.94,0.2157,467.0,-9.0,35.5,0.0,1892.9,759.5,556.6,576.8,1042.0,0.0
1788594300,0.08209,0.91,0.1861,2455.0,18.0,37.7,0.0,1893.6,759.8,557.0,576.8,802.0,0.0
1788595200,0.07553,0.91,0.1795,2452.0,67.0,40.0,0.0,1894.1,759.9,557.4,576.8,923.0,0.0
1788596100,0.11119,0.94,0.2152,-623.0,-20.0,40.0,0.0,1895.1,760.5,557.6,577.0,2878.0,0.0
1788597000,0.10141,0.93,0.2054,0.0,-1533.0,38.8,1596.0,1895.4,760.8,557.6,577.0,890.0,0.0
1788597900,0.07931,0.91,0.1833,0.0,-835.0,38.8,841.0,1896.0,761.2,557.6,577.2,751.0,0.0
1788598800,0.07209,0.9,0.1761,1325.0,45.0,40.0,0.0,1896.2,761.3,557.7,577.2,934.0,0.0
1788599700,0.07409,0.91,0.1781,0.0,-694.0,40.0,717.0,1897.0,761.7,557.9,577.4,1062.0,0.0
1788600600,0.06509,0.9,0.1691,0.0,-1467.0,40.0,1490.0,1897.5,761.9,557.9,577.7,764.0,0.0
1788601500,0.05676,0.89,0.1608,0.0,-698.0,40.0,726.0,1898.2,762.4,557.9,577.9,861.0,0.0
1788602400,0.05565,0.89,0.1596,0.0,-2973.0,40.0,2968.0,1898.5,762.6,557.9,578.0,679.0,0.0
1788603300,0.0471,0.88,0.1511,1297.0,4.0,42.2,20.0,1899.7,762.9,558.5,578.3,775.0,0.0
1788604200,0.04243,0.87,0.1464,2086.0,-7.0,44.4,34.0,1900.0,763.0,558.7,578.3,794.0,0.0
1788605100,0.04632,0.88,0.1503,1460.0,-19.0,46.6,0.0,1900.9,763.3,559.3,578.3,755.0,0.0
1788606000,0.03677,0.87,0.1408,2973.0,16.0,50.0,0.0,1901.3,763.4,559.6,578.3,765.0,0.0
1788606900,0.04754,0.88,0.1515,2283.0,15.0,53.3,21.0,1902.5,763.7,560.5,578.3,763.0,0.0
1788607800,0.04032,0.87,0.1443,2249.0,-9.0,56.6,0.0,1903.1,763.9,560.9,578.3,696.0,0.0
1788608700,0.04143,0.87,0.1454,1255.0,-16.0,58.8,21.0,1904.0,764.2,561.5,578.3,789.0,0.0
1788609600,0.04032,0.87,0.1443,1997.0,45.0,61.1,0.0,1904.4,764.3,561.8,578.3,787.0,0.0
1788610500,0.03877,0.87,0.1428,1218.0,28.0,62.2,0.0,1905.3,764.6,562.4,578.3,733.0,0.0
1788611400,0.03899,0.87,0.143,1224.0,-24.0,64.4,0.0,1905.5,764.7,562.5,578.3,795.0,0.0
1788612300,0.03943,0.87,0.1434,1297.0,-16.0,65.5,30.0,1906.3,765.0,563.0,578.3,767.0,0.0
1788613200,0.03055,0.86,0.1346,1515.0,4.0,67.7,0.0,1906.7,765.2,563.2,578.3,1063.0,0.0
1788614100,0.03699,0.87,0.141,1213.0,-7.0,70.0,0.0,1907.7,765.6,563.8,578.3,1165.0,0.0
1788615000,0.04099,0.87,0.145,1108.0,35.0,71.1,27.0,1908.1,765.8,564.0,578.3,1203.0,0.0
1788615900,0.03566,0.87,0.1397,751.0,21.0,73.3,0.0,1908.9,766.2,564.4,578.3,1116.0,0.0
1788616800,0.03177,0.86,0.1358,632.0,-21.0,75.5,68.0,1909.3,766.4,564.6,578.3,1218.0,0.0
1788617700,0.05243,0.88,0.1564,1379.0,8.0,76.6,22.0,1910.2,766.9,565.0,578.3,1124.0,0.0
1788618600,0.05176,0.88,0.1558,-241.0,19.0,76.6,0.0,1910.6,767.1,565.2,578.3,1108.0,0.0
1788619500,0.07642,0.91,0.1804,0.0,-42.0,76.6,0.0,1911.0,767.5,565.2,578.3,1120.0,0.0
1788620400,0.11452,0.95,0.2185,1202.0,-6.0,77.7,0.0,1911.3,767.7,565.3,578.3,1066.0,0.0
1788621300,0.10497,0.94,0.209,320.0,-26.0,78.8,0.0,1912.0,768.1,565.6,578.3,1124.0,0.0
1788622200,0.1304,0.96,0.2344,-311.0,-6.0,78.8,0.0,1912.3,768.3,565.7,578.3,1194.0,0.0
1788623100,0.17439,1.01,0.2784,-380.0,-78.0,78.8,0.0,1912.6,768.6,565.7,578.3,1161.0,0.0
1788624000,0.2206,1.05,0.3246,-570.0,3.0,77.7,37.0,1912.8,768.8,565.7,578.3,1180.0,0.0
1788624900,0.12518,0.96,0.2292,0.0,745.0,77.7,0.0,1913.0,769.0,565.7,578.3,1306.0,0.0
1788625800,0.15018,0.98,0.2542,0.0,1271.0,77.7,0.0,1913.1,769.1,565.7,578.3,1587.0,0.0
1788626700,0.21571,1.05,0.3197,0.0,1207.0,77.7,0.0,1913.3,769.3,565.7,578.3,1615.0,0.0
1788627600,0.37222,1.2,0.4762,-1721.0,-32.0,75.5,0.0,1913.3,769.3,565.7,578.3,2351.0,0.0
1788628500,0.3279,1.16,0.4319,0.0,1252.0,75.5,0.0,1913.4,769.4,565.7,578.3,1324.0,0.0
1788629400,0.31535,1.15,0.4194,0.0,989.0,75.5,0.0,1913.5,769.5,565.7,578.3,955.0,0.0
1788630300,0.31879,1.15,0.4228,0.0,1069.0,75.5,0.0,1913.5,769.5,565.7,578.3,1047.0,0.0
1788631200,0.33667,1.17,0.4407,-1039.0,-53.0,74.4,49.0,1913.5,769.5,565.7,578.3,985.0,0.0
1788632100,0.41176,1.24,0.5158,-1016.0,-7.0,73.3,0.0,1913.5,769.5,565.7,578.3,956.0,0.0
1788633000,0.35833,1.19,0.4623,-1092.0,-7.0,71.1,0.0,1913.5,769.5,565.7,578.3,1018.0,0.0
1788633900,0.3951,1.23,0.4991,-1032.0,0.0,70.0,0.0,1913.5,769.5,565.7,578.3,976.0,0.0
1788634800,0.32046,1.15,0.4245,-1003.0,-14.0,68.8,0.0,1913.5,769.5,565.7,578.3,974.0,0.0
1788635700,0.37255,1.2,0.4765,-1063.0,60.0,66.6,86.0,1913.5,769.5,565.7,578.3,1048.0,0.0
1788636600,0.38566,1.22,0.4897,-1005.0,20.0,65.5,0.0,1913.5,769.5,565.7,578.3,994.0,0.0
1788637500,0.29502,1.13,0.399,-1011.0,-26.0,64.4,20.0,1913.5,769.5,565.7,578.3,1011.0,0.0
1788638400,0.18083,1.01,0.2848,0.0,825.0,64.4,0.0,1913.5,769.5,565.7,578.3,772.0,0.0
1788639300,0.35422,1.19,0.4582,-835.0,0.0,63.3,0.0,1913.5,769.5,565.7,578.3,771.0,0.0
1788640200,0.27336,1.1,0.3774,-838.0,-13.0,62.2,0.0,1913.5,769.5,565.7,578.3,817.0,0.0
1788641100,0.17128,1.0,0.2753,0.0,839.0,62.2,0.0,1913.5,769.5,565.7,578.3,815.0,0.0
1788642000,0.13773,0.97,0.2417,0.0,674.0,62.2,0.0,1913.5,769.5,565.7,578.3,636.0,0.0
1788642900,0.29991,1.13,0.4039,-749.0,-6.0,61.1,0.0,1913.5,769.5,565.7,578.3,715.0,0.0
1788643800,0.20383,1.04,0.3078,0.0,831.0,61.1,0.0,1913.5,769.5,565.7,578.3,795.0,0.0
1788644700,0.11974,0.95,0.2237,0.0,951.0,61.1,0.0,1913.5,769.5,565.7,578.3,897.0,0.0
1788645600,0.10263,0.93,0.2066,0.0,739.0,61.1,0.0,1913.5,769.5,565.7,578.3,695.0,0.0
1788646500,0.15559,0.99,0.2596,0.0,834.0,61.1,0.0,1913.5,769.5,565.7,578.3,805.0,0.0
1788647400,0.11114,0.94,0.2151,0.0,1043.0,61.1,0.0,1913.5,769.5,565.7,578.3,1013.0,0.0
1788648300,0.11125,0.94,0.2152,0.0,1185.0,61.1,0.0,1913.5,769.5,565.7,578.3,1151.0,0.0
1788649200,0.09436,0.93,0.1984,0.0,1251.0,61.1,0.0,1913.5,769.5,565.7,578.3,1202.0,0.0
1788650100,0.07724,0.91,0.1812,0.0,986.0,61.1,0.0,1913.5,769.5,565.7,578.3,939.0,0.0
1788651000,0.07313,0.9,0.1771,0.0,1305.0,61.1,0.0,1913.5,769.5,565.7,578.3,1265.0,0.0
1788651900,0.0609,0.89,0.1649,0.0,1303.0,61.1,0.0,1913.5,769.5,565.7,578.3,1272.0,0.0
1788652800,0.05301,0.88,0.157,0.0,1257.0,61.1,0.0,1913.5,769.5,565.7,578.3,1199.0,0.0
1788653700,0.11114,0.94,0.2151,0.0,958.0,61.1,0.0,1913.5,769.5,565.7,578.3,917.0,0.0
1788654600,0.12125,0.95,0.2253,0.0,1352.0,61.1,0.0,1913.5,769.5,565.7,578.3,1315.0,0.0
1788655500,0.13003,0.96,0.234,0.0,1297.0,61.1,0.0,1913.5,769.5,565.7,578.3,1226.0,0.0
1788656400,0.19327,1.02,0.2973,0.0,1663.0,61.1,0.0,1913.5,769.5,565.7,578.3,1549.0,0.0
1788657300,0.10103,0.93,0.205,0.0,867.0,61.1,0.0,1913.5,769.5,565.7,578.3,817.0,0.0
1788658200,0.12403,0.96,0.228,0.0,726.0,61.1,0.0,1913.5,769.5,565.7,578.3,676.0,0.0
1788659100,0.15548,0.99,0.2595,0.0,777.0,61.1,0.0,1913.5,769.5,565.7,578.3,732.0,0.0
1788660000,0.25406,1.09,0.3581,-956.0,23.0,57.7,0.0,1913.5,769.5,565.7,578.3,900.0,0.0
1788660900,0.15559,0.99,0.2596,-869.0,28.0,56.6,0.0,1913.5,769.5,565.7,578.3,872.0,0.0
1788661800,0.32208,1.15,0.4261,-2857.0,-10.0,55.5,38.0,1913.5,769.5,565.7,578.3,2745.0,0.0
1788662700,0.38799,1.22,0.492,-872.0,-36.0,52.2,0.0,1913.5,769.5,565.7,578.3,790.0,0.0
1788663600,0.52235,1.35,0.6263,-827.0,26.0,51.1,0.0,1913.5,769.5,565.7,578.3,805.0,0.0
1788664500,0.48501,1.32,0.589,-894.0,33.0,50.0,23.0,1913.5,769.5,565.7,578.3,829.0,0.0
1788665400,0.53858,1.37,0.6426,-876.0,5.0,48.8,0.0,1913.5,769.5,565.7,578.3,890.0,0.0
1788666300,0.60715,1.44,0.7111,-901.0,-6.0,45.5,0.0,1913.5,769.5,565.7,578.3,914.0,0.0
1788667200,0.61882,1.45,0.7228,-833.0,0.0,44.4,0.0,1913.5,769.5,565.7,578.3,803.0,0.0
1788668100,0.66672,1.5,0.7707,-629.0,-18.0,43.3,0.0,1913.5,769.5,565.7,578.3,620.0,0.0
1788669000,0.66683,1.5,0.7708,-523.0,26.0,42.2,0.0,1913.5,769.5,565.7,578.3,676.0,0.0
1788669900,0.74496,1.58,0.849,-360.0,0.0,42.2,0.0,1913.5,769.5,565.7,578.3,673.0,0.0
1788670800,0.7154,1.55,0.8194,0.0,-37.0,41.1,0.0,1913.6,769.6,565.7,578.3,473.0,0.0
1788671700,0.77786,1.61,0.8819,-1981.0,-875.0,38.8,1043.0,1913.8,769.8,565.7,578.3,1168.0,0.0
1788672600,0.66683,1.5,0.7708,0.0,-88.0,38.8,66.0,1914.0,770.0,565.7,578.3,704.0,0.0
1788673500,0.75808,1.59,0.8621,-1722.0,-2281.0,36.6,2269.0,1914.2,770.2,565.7,578.3,478.0,0.0
1788674400,0.7613,1.59,0.8653,-3201.0,-3809.0,32.2,3780.0,1914.4,770.3,565.7,578.4,645.0,0.0
1788675300,0.84477,1.68,0.9488,-8182.0,-8507.0,22.2,8458.0,1914.9,770.7,565.7,578.5,989.0,0.0
1788676200,0.69517,1.53,0.7992,-7204.0,-7412.0,14.4,7377.0,1915.2,771.0,565.7,578.5,1373.0,0.0
1788677100,0.44289,1.27,0.5469,0.0,-992.0,14.4,919.0,1915.9,771.5,565.7,578.7,1028.0,0.0
1788678000,0.34253,1.17,0.4465,0.0,-1112.0,14.4,1068.0,1916.2,771.7,565.7,578.8,1088.0,0.0
1788678900,0.47601,1.31,0.58,-4401.0,-5679.0,14.4,5649.0,1916.8,772.0,565.7,579.1,1105.0,0.0
1788679800,0.18316,1.01,0.2872,0.0,-1602.0,14.4,1612.0,1917.7,772.4,565.7,579.6,1074.0,0.0
1788680700,0.08669,0.92,0.1907,0.0,-1823.0,14.4,1798.0,1918.1,772.6,565.7,579.8,1032.0,0.0
1788681600,0.06135,0.89,0.1653,0.0,-1491.0,14.4,1534.0,1919.2,773.1,565.7,580.4,1181.0,0.0
1788682500,0.05357,0.88,0.1576,0.0,-1063.0,14.4,1067.0,1919.6,773.3,565.7,580.6,1199.0,0.0
1788683400,0.05312,0.88,0.1571,0.0,-243.0,14.4,238.0,1920.4,773.7,565.7,581.0,1374.0,0.0
1788684300,0.05112,0.88,0.1551,0.0,-380.0,14.4,383.0,1920.6,773.9,565.7,581.0,1172.0,0.0
1788685200,0.04901,0.88,0.153,0.0,-828.0,14.4,857.0,1921.2,774.3,565.7,581.2,754.0,0.0
1788686100,0.03612,0.87,0.1401,0.0,-1424.0,14.4,1391.0,1921.5,774.4,565.7,581.4,705.0,0.0
1788687000,0.0309,0.86,0.1349,0.0,-1745.0,14.4,1688.0,1922.3,774.7,565.7,581.9,523.0,0.0
1788687900,0.02778,0.86,0.1318,0.0,-1761.0,14.4,1725.0,1922.6,774.8,565.7,582.1,582.0,0.0
1788688800,0.02712,0.86,0.1311,0.0,-2013.0,14.4,1947.0,1923.5,775.1,565.7,582.7,863.0,0.0
1788689700,0.02101,0.85,0.125,2498.0,-16.0,17.7,0.0,1923.9,775.2,566.0,582.7,974.0,0.0
1788690600,0.02101,0.85,0.125,2776.0,-8.0,21.1,0.0,1925.3,775.6,566.9,582.8,1434.0,0.0
1788691500,0.02101,0.85,0.125,3197.0,-12.0,24.4,0.0,1926.1,775.9,567.4,582.8,1111.0,0.0
1788692400,0.02089,0.85,0.1249,3323.0,0.0,28.8,29.0,1927.5,776.3,568.4,582.8,812.0,0.0
1788693300,0.01712,0.85,0.1211,3081.0,38.0,33.3,20.0,1928.2,776.4,569.0,582.8,619.0,0.0
1788694200,0.01623,0.85,0.1202,3673.0,-25.0,37.7,0.0,1929.6,776.7,570.1,582.8,537.0,0.0
1788695100,0.01978,0.85,0.1238,3752.0,-38.0,42.2,33.0,1930.3,776.8,570.7,582.8,536.0,0.0
1788696000,0.01612,0.85,0.1201,3558.0,-17.0,46.6,0.0,1931.7,777.0,571.9,582.8,569.0,0.0
1788696900,0.02101,0.85,0.125,3618.0,28.0,51.1,0.0,1932.4,777.2,572.4,582.8,565.0,0.0
1788697800,0.02101,0.85,0.125,187.0,16.0,54.4,0.0,1933.7,777.4,573.5,582.8,519.0,0.0
1788698700,0.02578,0.86,0.1298,3019.0,-35.0,57.7,0.0,1934.0,777.5,573.7,582.8,584.0,0.0
1788699600,0.00911,0.84,0.1131,3393.0,-49.0,61.1,38.0,1935.1,777.7,574.6,582.8,525.0,0.0
1788700500,0.05979,0.89,0.1638,3174.0,0.0,64.4,0.0,1935.6,777.8,575.0,582.8,513.0,0.0
1788701400,0.07113,0.9,0.1751,2935.0,-50.0,67.7,30.0,1936.8,778.0,576.0,582.8,573.0,0.0
1788702300,0.07769,0.91,0.1817,3369.0,600.0,72.2,0.0,1937.1,778.1,576.2,582.8,525.0,0.0
1788703200,0.09125,0.92,0.1952,2446.0,0.0,75.5,26.0,1938.0,778.2,577.0,582.8,465.0,0.0
1788704100,0.08091,0.91,0.1849,4338.0,2904.0,81.1,0.0,1938.4,778.2,577.4,582.8,723.0,0.0
1788705000,0.08313,0.91,0.1871,3872.0,-1201.0,85.5,0.0,1939.1,778.2,578.1,582.8,504.0,0.0
1788705900,0.18794,1.02,0.2919,3119.0,2704.0,90.0,0.0,1939.4,778.2,578.4,582.8,505.0,0.0
1788706800,0.5019,1.33,0.6059,-8675.0,1541.0,86.6,0.0,1939.9,778.4,578.7,582.8,11216.0,10385.429
1788707700,0.27996,1.11,0.384,4108.0,12436.0,91.1,0.0,1940.1,778.4,578.9,582.8,9599.0,8398.279
1788708600,0.7244,1.56,0.8284,-8245.0,1999.0,81.1,0.0,1940.7,778.9,579.0,582.8,11630.0,10517.162
1788709500,1.00025,1.83,1.1043,0.0,17.0,71.1,0.0,1941.0,779.2,579.0,582.8,1134.0,0.0
1788710400,1.21608,2.05,1.3201,-1887.0,26.0,70.0,0.0,1941.4,779.6,579.0,582.8,2833.0,0.0
1788711300,1.13973,1.97,1.2437,-854.0,-8.0,67.7,0.0,1941.6,779.8,579.0,582.8,1344.0,0.0
1788712200,1.2342,2.07,1.3382,-889.0,0.0,67.7,0.0,1941.8,780.0,579.0,582.8,1548.0,0.0
1788713100,1.25798,2.09,1.362,-1024.0,5.0,65.5,0.0,1941.9,780.1,579.0,582.8,1486.0,0.0
1788714000,1.2721,2.1,1.3761,-1350.0,15.0,64.4,50.0,1942.0,780.2,579.0,582.8,1358.0,0.0
1788714900,1.26154,2.09,1.3655,-1403.0,5.0,62.2,31.0,1942.0,780.2,579.0,582.8,1410.0,0.0
1788715800,1.26587,2.1,1.3699,-1474.0,33.0,60.0,0.0,1942.0,780.2,579.0,582.8,1498.0,0.0
1788716700,1.26387,2.1,1.3679,-1624.0,28.0,56.6,0.0,1942.0,780.2,579.0,582.8,1584.0,0.0
1788717600,1.26298,2.09,1.367,-1797.0,-47.0,53.3,36.0,1942.0,780.2,579.0,582.8,1736.0,0.0
1788718500,1.2721,2.1,1.3761,-1682.0,0.0,51.1,0.0,1942.0,780.2,579.0,582.8,1557.0,0.0
1788719400,1.27299,2.1,1.377,-1701.0,30.0,48.8,70.0,1942.0,780.2,579.0,582.8,1616.0,0.0
1788720300,1.26899,2.1,1.373,-1597.0,-21.0,44.4,30.0,1942.0,780.2,579.0,582.8,1464.0,0.0
1788721200,1.25943,2.09,1.3634,-1570.0,-34.0,42.2,0.0,1942.0,780.2,579.0,582.8,1523.0,0.0
1788722100,1.26821,2.1,1.3722,-1599.0,-18.0,40.0,0.0,1942.0,780.2,579.0,582.8,1588.0,0.0
1788723000,1.26598,2.1,1.37,-1531.0,0.0,37.7,0.0,1942.0,780.2,579.0,582.8,1466.0,0.0
1788723900,1.25809,2.09,1.3621,-3136.0,0.0,34.4,0.0,1942.0,780.2,579.0,582.8,3067.0,0.0
1788724800,1.22609,2.06,1.3301,-1178.0,19.0,32.2,22.0,1942.0,780.2,579.0,582.8,1104.0,0.0
1788725700,1.26976,2.1,1.3738,-1344.0,-24.0,30.0,27.0,1942.0,780.2,579.0,582.8,1230.0,0.0
1788726600,1.26198,2.09,1.366,-1427.0,8.0,27.7,0.0,1942.0,780.2,579.0,582.8,1391.0,0.0
1788727500,1.25498,2.09,1.359,-1494.0,16.0,26.6,0.0,1942.0,780.2,579.0,582.8,1461.0,0.0
1788728400,1.23831,2.07,1.3423,-1457.0,-23.0,24.4,0.0,1942.0,780.2,579.0,582.8,1373.0,0.0
1788729300,1.26243,2.09,1.3664,-865.0,-22.0,22.2,27.0,1942.0,780.2,579.0,582.8,838.0,0.0
1788730200,1.23798,2.07,1.342,-760.0,-22.0,21.1,0.0,1942.0,780.2,579.0,582.8,714.0,0.0
1788731100,1.21964,2.05,1.3236,-725.0,16.0,21.1,0.0,1942.0,780.2,579.0,582.8,722.0,0.0
1788732000,1.11206,1.94,1.2161,-720.0,-3.0,20.0,0.0,1942.0,780.2,579.0,582.8,658.0,0.0
1788732900,1.23553,2.07,1.3395,0.0,747.0,20.0,0.0,1942.0,780.2,579.0,582.8,734.0,0.0
1788733800,1.14318,1.97,1.2472,0.0,733.0,20.0,0.0,1942.0,780.2,579.0,582.8,675.0,0.0
1788734700,1.11139,1.94,1.2154,0.0,597.0,20.0,0.0,1942.0,780.2,579.0,582.8,576.0,0.0
1788735600,1.08616,1.92,1.1902,8215.0,9141.0,30.0,0.0,1942.0,780.2,579.0,582.8,609.0,0.0
1788736500,1.16029,1.99,1.2643,0.0,1860.0,30.0,0.0,1942.0,780.2,579.0,582.8,1851.0,0.0
1788737400,1.12006,1.95,1.2241,0.0,1786.0,30.0,0.0,1942.0,780.2,579.0,582.8,1747.0,0.0
1788738300,1.11139,1.94,1.2154,0.0,1787.0,30.0,0.0,1942.0,780.2,579.0,582.8,1787.0,0.0
1788739200,1.10383,1.94,1.2078,3782.0,4449.0,34.4,0.0,1942.0,780.2,579.0,582.8,511.0,0.0
1788740100,1.10483,1.94,1.2088,345.0,1030.0,35.5,0.0,1942.0,780.2,579.0,582.8,622.0,0.0
1788741000,1.11139,1.94,1.2154,0.0,646.0,35.5,0.0,1942.0,780.2,579.0,582.8,611.0,0.0
1788741900,1.1115,1.94,1.2155,0.0,602.0,35.5,0.0,1942.0,780.2,579.0,582.8,575.0,0.0
1788742800,1.11139,1.94,1.2154,0.0,729.0,35.5,0.0,1942.0,780.2,579.0,582.8,693.0,0.0
1788743700,1.1125,1.94,1.2165,0.0,712.0,35.5,0.0,1942.0,780.2,579.0,582.8,664.0,0.0
1788744600,1.11128,1.94,1.2153,0.0,829.0,35.5,0.0,1942.0,780.2,579.0,582.8,770.0,0.0
1788745500,1.10494,1.94,1.2089,0.0,917.0,35.5,0.0,1942.0,780.2,579.0,582.8,872.0,0.0
1788746400,1.10305,1.93,1.2071,0.0,709.0,35.5,0.0,1942.0,780.2,579.0,582.8,672.0,0.0
1788747300,1.11128,1.94,1.2153,0.0,863.0,35.5,0.0,1942.0,780.2,579.0,582.8,832.0,0.0
1788748200,1.1145,1.95,1.2185,0.0,742.0,35.5,0.0,1942.0,780.2,579.0,582.8,694.0,0.0
1788749100,1.14062,1.97,1.2446,0.0,682.0,35.5,0.0,1942.0,780.2,579.0,582.8,642.0,0.0
1788750000,1.20941,2.04,1.3134,0.0,859.0,35.5,0.0,1942.0,780.2,579.0,582.8,807.0,0.0
1788750900,1.19674,2.03,1.3007,0.0,768.0,35.5,0.0,1942.0,780.2,579.0,582.8,746.0,0.0
1788751800,1.23342,2.06,1.3374,288.0,1247.0,35.5,0.0,1942.0,780.2,579.0,582.8,891.0,0.0
1788752700,1.26198,2.09,1.366,287.0,3340.0,35.5,0.0,1942.0,780.2,579.0,582.8,2976.0,0.0
1788753600,1.27476,2.11,1.3788,0.0,606.0,35.5,0.0,1942.0,780.2,579.0,582.8,581.0,0.0
1788754500,1.26332,2.09,1.3673,-417.0,0.0,34.4,26.0,1942.0,780.2,579.0,582.8,515.0,0.0
1788755400,1.3529,2.18,1.4569,-798.0,-31.0,34.4,29.0,1942.0,780.2,579.0,582.8,935.0,0.0
1788756300,1.37312,2.2,1.4771,-880.0,57.0,33.3,0.0,1942.0,780.2,579.0,582.8,1096.0,0.0
1788757200,1.37479,2.21,1.4788,-742.0,38.0,32.2,0.0,1942.1,780.3,579.0,582.8,888.0,0.0
1788758100,1.52227,2.35,1.6263,-726.0,-12.0,31.1,0.0,1942.2,780.4,579.0,582.8,1027.0,0.0
1788759000,1.54906,2.38,1.6531,-706.0,-9.0,30.0,21.0,1942.3,780.5,579.0,582.8,1013.0,0.0
1788759900,1.55717,2.39,1.6612,-400.0,11.0,28.8,0.0,1942.4,780.6,579.0,582.8,978.0,0.0
1788760800,1.50315,2.33,1.6072,-238.0,-4.0,27.7,0.0,1942.6,780.8,579.0,582.8,906.0,0.0
1788761700,1.46237,2.29,1.5664,-412.0,-9.0,27.7,0.0,1942.8,781.0,579.0,582.8,962.0,0.0
1788762600,1.3669,2.2,1.4709,-323.0,0.0,26.6,0.0,1943.0,781.2,579.0,582.8,888.0,0.0
1788763500,1.45436,2.29,1.5584,-378.0,11.0,26.6,63.0,1943.1,781.3,579.0,582.8,1137.0,0.0
1788764400,1.15418,1.99,1.2582,-296.0,21.0,26.6,0.0,1943.4,781.6,579.0,582.8,1111.0,0.0
1788765300,1.36612,2.2,1.4701,0.0,-26.0,26.6,52.0,1943.5,781.7,579.0,582.8,612.0,0.0
1788766200,1.01714,1.85,1.1211,-103.0,11.0,26.6,35.0,1943.7,781.9,579.0,582.8,633.0,0.0
1788767100,0.9409,1.77,1.0449,102.0,-23.0,26.6,0.0,1943.8,782.0,579.0,582.8,641.0,0.0
1788768000,0.84199,1.67,0.946,262.0,0.0,26.6,0.0,1944.1,782.3,579.0,582.8,455.0,0.0
1788768900,0.99069,1.82,1.0947,-235.0,4.0,26.6,0.0,1944.1,782.3,579.0,582.8,651.0,0.0
1788769800,0.84999,1.68,0.954,-206.0,5.0,26.6,0.0,1944.3,782.5,579.0,582.8,649.0,0.0
1788770700,0.70973,1.54,0.8137,-214.0,23.0,26.6,0.0,1944.5,782.6,579.1,582.8,574.0,0.0
1788771600,0.4839,1.32,0.5879,731.0,0.0,26.6,0.0,1944.7,782.8,579.1,582.8,512.0,0.0
1788772500,0.88911,1.72,0.9931,1114.0,-14.0,27.7,0.0,1945.0,782.9,579.3,582.8,583.0,0.0
1788773400,0.77942,1.61,0.8834,1280.0,-10.0,30.0,0.0,1945.7,783.2,579.7,582.8,567.0,0.0
1788774300,0.71918,1.55,0.8232,780.0,24.0,31.1,0.0,1946.0,783.3,579.9,582.8,508.0,0.0
1788775200,0.53791,1.37,0.6419,1212.0,27.0,32.2,0.0,1946.5,783.5,580.2,582.8,605.0,0.0
1788776100,0.70884,1.54,0.8128,378.0,14.0,33.3,75.0,1946.8,783.6,580.4,582.8,592.0,0.0
1788777000,0.48979,1.32,0.5938,790.0,-43.0,33.3,55.0,1947.1,783.8,580.5,582.8,627.0,0.0
1788777900,0.45545,1.29,0.5595,266.0,-8.0,34.4,0.0,1947.3,783.9,580.6,582.8,597.0,0.0
1788778800,0.44178,1.27,0.5458,1081.0,45.0,34.4,0.0,1947.6,784.1,580.7,582.8,409.0,0.0
1788779700,0.50735,1.34,0.6113,748.0,-22.0,35.5,0.0,1948.0,784.3,580.9,582.8,660.0,0.0
1788780600,0.42711,1.26,0.5311,453.0,0.0,37.7,0.0,1948.5,784.5,581.2,582.8,604.0,0.0
1788781500,0.36487,1.2,0.4689,0.0,8.0,37.7,37.0,1948.6,784.6,581.2,582.8,662.0,0.0
1788782400,0.26529,1.1,0.3693,10003.0,9237.0,50.0,0.0,1948.8,784.6,581.4,582.8,506.0,0.0
1788783300,0.29218,1.12,0.3962,10004.0,9025.0,61.1,0.0,1949.2,784.7,581.7,582.8,455.0,0.0
1788784200,0.29474,1.13,0.3987,9998.0,9355.0,73.3,0.0,1949.8,784.7,582.3,582.8,508.0,0.0
1788785100,0.31652,1.15,0.4205,1068.0,-13.0,75.5,0.0,1950.0,784.8,582.4,582.8,440.0,0.0
1788786000,0.35798,1.19,0.462,2130.0,-6.0,77.7,0.0,1950.8,785.0,583.0,582.8,418.0,0.0
1788786900,0.28963,1.12,0.3936,4123.0,2386.0,91.1,0.0,1951.4,785.0,583.6,582.8,630.0,0.0
1788787800,0.44411,1.28,0.5481,2011.0,0.0,91.1,0.0,1952.2,785.1,584.3,582.8,598.0,0.0
1788788700,0.38788,1.22,0.4919,461.0,8.0,91.1,0.0,1952.6,785.2,584.6,582.8,427.0,0.0
1788789600,0.67939,1.51,0.7834,408.0,-4.0,91.1,20.0,1952.9,785.4,584.7,582.8,470.0,0.0
1788790500,0.41077,1.24,0.5148,510.0,8.0,91.1,0.0,1953.1,785.5,584.8,582.8,479.0,0.0
1788791400,0.72518,1.56,0.8292,291.0,-32.0,91.1,0.0,1953.4,785.7,584.9,582.8,417.0,0.0
1788792300,0.94735,1.78,1.0514,0.0,0.0,90.0,0.0,1953.5,785.8,584.9,582.8,474.0,0.0
1788793200,1.10939,1.94,1.2134,-187.0,14.0,90.0,0.0,1953.8,786.0,585.0,582.8,966.0,0.0
1788794100,0.91745,1.75,1.0214,0.0,-20.0,90.0,0.0,1953.9,786.1,585.0,582.8,414.0,0.0
1788795000,1.07816,1.91,1.1822,-177.0,0.0,90.0,41.0,1954.2,786.3,585.1,582.8,483.0,0.0
1788795900,1.18508,2.02,1.2891,0.0,31.0,90.0,0.0,1954.2,786.3,585.1,582.8,407.0,0.0
1788796800,1.327,2.16,1.431,-131.0,-22.0,90.0,28.0,1954.3,786.4,585.1,582.8,367.0,0.0
1788797700,1.34523,2.18,1.4492,-9658.0,-9158.0,77.7,9111.0,1954.4,786.5,585.1,582.8,473.0,0.0
1788798600,1.33333,2.16,1.4373,-6813.0,-6547.0,68.8,6551.0,1954.5,786.6,585.1,582.8,399.0,0.0
1788799500,1.31844,2.15,1.4224,-164.0,-22.0,67.7,0.0,1954.6,786.7,585.1,582.8,403.0,0.0
1788800400,1.32656,2.16,1.4306,-6173.0,-5604.0,60.0,5605.0,1954.7,786.8,585.1,582.8,492.0,0.0
1788801300,1.32455,2.16,1.4285,-5049.0,-4532.0,53.3,4486.0,1954.7,786.8,585.1,582.8,432.0,0.0
1788802200,1.29621,2.13,1.4002,-505.0,7.0,52.2,0.0,1954.7,786.8,585.1,582.8,456.0,0.0
1788803100,1.17674,2.01,1.2807,-560.0,9.0,51.1,0.0,1954.7,786.8,585.1,582.8,520.0,0.0
1788804000,1.13817,1.97,1.2422,-633.0,-12.0,50.0,0.0,1954.7,786.8,585.1,582.8,560.0,0.0
1788804900,1.1863,2.02,1.2903,-915.0,-8.0,48.8,0.0,1954.7,786.8,585.1,582.8,878.0,0.0
1788805800,1.14996,1.98,1.254,-1011.0,0.0,47.7,68.0,1954.7,786.8,585.1,582.8,916.0,0.0
1788806700,1.06816,1.9,1.1722,-1264.0,0.0,45.5,31.0,1954.7,786.8,585.1,582.8,1239.0,0.0
1788807600,1.00025,1.83,1.1043,-1218.0,-16.0,44.4,0.0,1954.7,786.8,585.1,582.8,1157.0,0.0
1788808500,0.60882,1.44,0.7128,-1042.0,-6.0,43.3,0.0,1954.7,786.8,585.1,582.8,998.0,0.0
1788809400,0.16048,0.99,0.2645,-6636.0,0.0,41.1,35.0,1954.7,786.8,585.1,582.8,6492.0,5335.155
1788810300,0.07891,0.91,0.1829,-9992.0,2066.0,27.7,0.0,1954.7,786.8,585.1,582.8,11739.0,10440.162
1788811200,0.07491,0.91,0.1789,-9990.0,1920.0,14.4,0.0,1954.7,786.8,585.1,582.8,11582.0,10440.162
1788812100,0.06513,0.9,0.1691,0.0,6153.0,14.4,0.0,1954.7,786.8,585.1,582.8,6063.0,5096.285
1788813000,0.06002,0.89,0.164,0.0,11652.0,14.4,0.0,1954.7,786.8,585.1,582.8,11550.0,10360.393
1788813900,0.05735,0.89,0.1613,0.0,1340.0,14.4,0.0,1954.7,786.8,585.1,582.8,1280.0,0.0
1788814800,0.05568,0.89,0.1597,0.0,1292.0,14.4,0.0,1954.7,786.8,585.1,582.8,1256.0,0.0
1788815700,0.05146,0.88,0.1555,0.0,717.0,14.4,0.0,1954.7,786.8,585.1,582.8,675.0,0.0
1788816600,0.04246,0.87,0.1465,0.0,718.0,14.4,0.0,1954.7,786.8,585.1,582.8,677.0,0.0
1788817500,0.04223,0.87,0.1462,0.0,668.0,14.4,0.0,1954.7,786.8,585.1,582.8,619.0,0.0
1788818400,0.03734,0.87,0.1413,0.0,729.0,14.4,0.0,1954.7,786.8,585.1,582.8,674.0,0.0
1788819300,0.04108,0.87,0.1451,0.0,661.0,14.4,0.0,1954.7,786.8,585.1,582.8,628.0,0.0
1788820200,0.04064,0.87,0.1446,0.0,667.0,14.4,0.0,1954.7,786.8,585.1,582.8,629.0,0.0
1788821100,0.04019,0.87,0.1442,0.0,747.0,14.4,0.0,1954.7,786.8,585.1,582.8,684.0,0.0
1788822000,0.04019,0.87,0.1442,0.0,701.0,14.4,0.0,1954.7,786.8,585.1,582.8,663.0,0.0
1788822900,0.03885,0.87,0.1429,0.0,852.0,14.4,0.0,1954.7,786.8,585.1,582.8,788.0,0.0
1788823800,0.03483,0.87,0.1388,9684.0,10965.0,25.5,0.0,1954.7,786.8,585.1,582.8,922.0,0.0
1788824700,0.03271,0.86,0.1367,9715.0,10846.0,38.8,0.0,1954.7,786.8,585.1,582.8,812.0,0.0
1788825600,0.03081,0.86,0.1348,9706.0,10842.0,51.1,0.0,1954.7,786.8,585.1,582.8,791.0,0.0
1788826500,0.03338,0.86,0.1374,9704.0,10741.0,63.3,0.0,1954.7,786.8,585.1,582.8,684.0,0.0
1788827400,0.03126,0.86,0.1353,9696.0,10710.0,75.5,0.0,1954.7,786.8,585.1,582.8,669.0,0.0
1788828300,0.0345,0.87,0.1385,9691.0,10710.0,87.7,0.0,1954.7,786.8,585.1,582.8,663.0,0.0
1788829200,0.03048,0.86,0.1345,4093.0,4951.0,91.1,0.0,1954.7,786.8,585.1,582.8,696.0,0.0
1788830100,0.0307,0.86,0.1347,3111.0,4125.0,93.3,0.0,1954.7,786.8,585.1,582.8,913.0,0.0
1788831000,0.03405,0.87,0.1381,0.0,1083.0,98.8,0.0,1954.7,786.8,585.1,582.8,1055.0,0.0
1788831900,0.02936,0.86,0.1334,0.0,1158.0,98.8,0.0,1954.7,786.8,585.1,582.8,1119.0,0.0
1788832800,0.03025,0.86,0.1342,0.0,1093.0,98.8,0.0,1954.7,786.8,585.1,582.8,1053.0,0.0
1788833700,0.0393,0.87,0.1433,0.0,1089.0,98.8,0.0,1954.7,786.8,585.1,582.8,1051.0,0.0
1788834600,0.03963,0.87,0.1436,0.0,1148.0,98.8,0.0,1954.7,786.8,585.1,582.8,1094.0,0.0
1788835500,0.03952,0.87,0.1435,0.0,948.0,98.8,0.0,1954.7,786.8,585.1,582.8,912.0,0.0
1788836400,0.03952,0.87,0.1435,0.0,935.0,98.8,0.0,1954.7,786.8,585.1,582.8,894.0,0.0
1788837300,0.0393,0.87,0.1433,0.0,1078.0,98.8,0.0,1954.7,786.8,585.1,582.8,1060.0,0.0
1788838200,0.04298,0.87,0.147,0.0,1122.0,98.8,0.0,1954.7,786.8,585.1,582.8,1092.0,0.0
1788839100,0.05593,0.89,0.1599,0.0,2557.0,98.8,0.0,1954.7,786.8,585.1,582.8,2500.0,0.0
1788840000,0.06006,0.89,0.1641,0.0,1222.0,98.8,0.0,1954.7,786.8,585.1,582.8,1213.0,0.0
1788840900,0.05984,0.89,0.1638,0.0,899.0,98.8,0.0,1954.7,786.8,585.1,582.8,868.0,0.0
1788841800,0.07513,0.91,0.1791,0.0,1259.0,98.8,0.0,1954.7,786.8,585.1,582.8,1210.0,0.0
1788842700,0.09188,0.92,0.1959,0.0,1044.0,98.8,0.0,1954.7,786.8,585.1,582.8,1057.0,0.0
1788843600,0.39865,1.23,0.5027,0.0,995.0,98.8,0.0,1954.7,786.8,585.1,582.8,1031.0,0.0
1788844500,0.57281,1.4,0.6768,-1100.0,17.0,97.7,49.0,1954.7,786.8,585.1,582.8,1098.0,0.0
1788845400,1.0371,1.87,1.1411,-1008.0,-7.0,95.5,0.0,1954.7,786.8,585.1,582.8,1112.0,0.0
1788846300,1.06043,1.89,1.1644,-954.0,5.0,94.4,0.0,1954.7,786.8,585.1,582.8,1060.0,0.0
1788847200,1.06054,1.89,1.1645,-751.0,-28.0,93.3,34.0,1954.8,786.9,585.1,582.8,1154.0,0.0
1788848100,1.14885,1.98,1.2529,-950.0,-12.0,92.2,0.0,1954.9,787.0,585.1,582.8,1302.0,0.0
1788849000,1.12072,1.95,1.2247,-732.0,-20.0,91.1,24.0,1955.0,787.1,585.1,582.8,1223.0,0.0
1788849900,1.10777,1.94,1.2118,0.0,88.0,90.0,0.0,1955.1,787.2,585.1,582.8,810.0,0.0
1788850800,0.99981,1.83,1.1038,229.0,16.0,90.0,0.0,1955.4,787.5,585.1,582.8,787.0,0.0
1788851700,0.9085,1.74,1.0125,0.0,72.0,90.0,0.0,1955.5,787.6,585.1,582.8,584.0,0.0
1788852600,0.91151,1.74,1.0155,-851.0,-481.0,88.8,475.0,1955.7,787.8,585.1,582.8,799.0,0.0
1788853500,0.78871,1.62,0.8927,-130.0,34.0,88.8,0.0,1955.8,787.9,585.1,582.8,807.0,0.0
1788854400,0.66837,1.5,0.7724,0.0,-529.0,88.8,529.0,1956.0,788.1,585.1,582.8,745.0,0.0
1788855300,0.77319,1.6,0.8772,-1471.0,-1891.0,86.6,1886.0,1956.2,788.2,585.1,582.9,809.0,0.0
1788856200,0.70521,1.54,0.8092,-160.0,10.0,86.6,50.0,1956.4,788.4,585.1,582.9,796.0,0.0
1788857100,0.6399,1.47,0.7439,0.0,-870.0,86.6,868.0,1956.7,788.6,585.1,583.0,778.0,0.0
1788858000,0.34116,1.17,0.4452,1000.0,43.0,87.7,0.0,1957.3,788.8,585.4,583.1,839.0,0.0
1788858900,0.7339,1.57,0.8379,0.0,-6592.0,82.2,5404.0,1957.7,789.0,585.4,583.3,702.0,0.0
1788859800,0.47535,1.31,0.5794,-2062.0,-2991.0,78.8,2961.0,1958.5,789.3,585.4,583.8,622.0,0.0
1788860700,0.2734,1.1,0.3774,0.0,-963.0,78.8,1006.0,1958.7,789.4,585.4,583.9,686.0,0.0
1788861600,0.11175,0.94,0.2157,724.0,-36.0,80.0,0.0,1959.3,789.7,585.6,584.0,606.0,0.0
1788862500,0.18141,1.01,0.2854,1333.0,-6.0,81.1,0.0,1959.6,789.9,585.7,584.0,630.0,0.0
1788863400,0.1362,0.97,0.2402,1199.0,-4.0,82.2,0.0,1960.2,790.1,586.1,584.0,645.0,0.0
1788864300,0.19648,1.03,0.3005,1849.0,5.0,84.4,0.0,1960.6,790.3,586.3,584.0,624.0,0.0
1788865200,0.189,1.02,0.293,2851.0,0.0,86.6,0.0,1961.4,790.5,586.9,584.0,635.0,0.0
1788866100,0.11164,0.94,0.2156,1850.0,-17.0,90.0,29.0,1962.1,790.7,587.4,584.0,807.0,0.0
1788867000,0.11175,0.94,0.2157,2252.0,-12.0,90.0,0.0,1963.0,791.0,588.0,584.0,774.0,0.0
1788867900,0.11175,0.94,0.2157,1633.0,52.0,90.0,0.0,1963.5,791.1,588.4,584.0,630.0,0.0
1788868800,0.15618,0.99,0.2602,1463.0,11.0,90.0,0.0,1964.4,791.4,589.0,584.0,656.0,0.0
1788869700,0.11175,0.94,0.2157,1397.0,28.0,90.0,39.0,1964.7,791.5,589.2,584.0,592.0,0.0
1788870600,0.21244,1.04,0.3164,0.0,-1241.0,100.0,1235.0,1965.4,791.7,589.5,584.2,712.0,0.0
1788871500,0.22271,1.05,0.3267,0.0,-777.0,100.0,805.0,1965.8,791.9,589.5,584.4,686.0,0.0
1788872400,0.27909,1.11,0.3831,0.0,-871.0,100.0,856.0,1966.3,792.1,589.5,584.7,613.0,0.0
1788873300,0.15573,0.99,0.2597,0.0,-1099.0,100.0,1072.0,1966.6,792.3,589.5,584.8,653.0,0.0
1788874200,0.22573,1.06,0.3297,0.0,-1085.0,100.0,1090.0,1967.2,792.5,589.5,585.2,702.0,0.0
1788875100,0.53273,1.36,0.6367,0.0,-544.0,100.0,554.0,1967.5,792.7,589.5,585.3,768.0,0.0
1788876000,0.63845,1.47,0.7424,0.0,-569.0,100.0,583.0,1967.9,792.9,589.5,585.5,807.0,0.0
1788876900,0.13441,0.97,0.2384,0.0,-553.0,100.0,536.0,1968.2,793.1,589.5,585.6,694.0,0.0
1788877800,0.40613,1.24,0.5101,0.0,-518.0,100.0,537.0,1968.6,793.4,589.5,585.8,653.0,0.0
1788878700,0.77185,1.6,0.8759,0.0,-74.0,100.0,79.0,1968.9,793.5,589.5,585.9,785.0,0.0
1788879600,0.9834,1.81,1.0874,0.0,96.0,100.0,0.0,1969.1,793.7,589.5,585.9,701.0,0.0
1788880500,1.02281,1.85,1.1268,-161.0,19.0,100.0,0.0,1969.2,793.8,589.5,585.9,663.0,0.0
1788881400,1.10955,1.94,1.2136,0.0,61.0,98.8,0.0,1969.4,794.0,589.5,585.9,642.0,0.0
1788882300,1.1714,2.0,1.2754,-223.0,-43.0,98.8,0.0,1969.5,794.1,589.5,585.9,723.0,0.0
1788883200,1.25613,2.09,1.3601,0.0,88.0,98.8,35.0,1969.7,794.3,589.5,585.9,451.0,0.0
1788884100,1.27969,2.11,1.3837,-135.0,-20.0,98.8,0.0,1969.8,794.4,589.5,585.9,422.0,0.0
1788885000,1.39177,2.22,1.4958,-415.0,14.0,97.7,0.0,1969.9,794.5,589.5,585.9,504.0,0.0
1788885900,1.39545,2.23,1.4995,-520.0,-33.0,97.7,0.0,1969.9,794.5,589.5,585.9,626.0,0.0
1788886800,1.39534,2.23,1.4993,-724.0,0.0,96.6,0.0,1970.0,794.6,589.5,585.9,770.0,0.0
1788887700,1.50352,2.33,1.6075,-642.0,0.0,95.5,0.0,1970.0,794.6,589.5,585.9,620.0,0.0
1788888600,1.45161,2.28,1.5556,-691.0,-24.0,94.4,0.0,1970.0,794.6,589.5,585.9,658.0,0.0
1788889500,1.45116,2.28,1.5552,-702.0,-14.0,93.3,0.0,1970.0,794.6,589.5,585.9,660.0,0.0
1788890400,1.45105,2.28,1.5551,-734.0,-24.0,93.3,0.0,1970.0,794.6,589.5,585.9,706.0,0.0
1788891300,1.48387,2.32,1.5879,-549.0,0.0,92.2,0.0,1970.0,794.6,589.5,585.9,494.0,0.0
1788892200,1.51959,2.35,1.6236,-575.0,-19.0,91.1,0.0,1970.0,794.6,589.5,585.9,511.0,0.0
1788893100,1.4247,2.26,1.5287,-886.0,-44.0,90.0,0.0,1970.0,794.6,589.5,585.9,861.0,0.0
1788894000,1.41097,2.24,1.515,-1257.0,-4.0,88.8,24.0,1970.0,794.6,589.5,585.9,1221.0,0.0
1788894900,1.18078,2.01,1.2848,-1620.0,-6.0,86.6,0.0,1970.0,794.6,589.5,585.9,1561.0,0.0
1788895800,1.15543,1.99,1.2594,-1716.0,28.0,84.4,0.0,1970.0,794.6,589.5,585.9,1620.0,0.0
1788896700,1.11625,1.95,1.2203,-1498.0,-10.0,83.3,0.0,1970.0,794.6,589.5,585.9,1412.0,0.0
1788897600,0.969,1.8,1.073,-1291.0,-6.0,81.1,0.0,1970.0,794.6,589.5,585.9,1211.0,0.0
1788898500,1.11625,1.95,1.2203,-9363.0,52.0,68.8,0.0,1970.0,794.6,589.5,585.9,9107.0,7745.403
1788899400,0.94801,1.78,1.052,-9990.0,1585.0,56.6,0.0,1970.0,794.6,589.5,585.9,11223.0,10399.758
1788900300,0.65441,1.49,0.7584,0.0,11244.0,55.5,0.0,1970.0,794.6,589.5,585.9,11219.0,10399.758
1788901200,0.47814,1.31,0.5821,0.0,11365.0,55.5,0.0,1970.0,794.6,589.5,585.9,11294.0,10399.758
1788902100,0.5325,1.36,0.6365,0.0,872.0,55.5,0.0,1970.0,794.6,589.5,585.9,840.0,0.0
1788903000,0.4624,1.29,0.5664,0.0,891.0,55.5,0.0,1970.0,794.6,589.5,585.9,874.0,0.0
1788903900,0.40747,1.24,0.5115,9113.0,10328.0,65.5,0.0,1970.0,794.6,589.5,585.9,895.0,0.0
1788904800,0.33591,1.17,0.4399,9720.0,10748.0,76.6,0.0,1970.0,794.6,589.5,585.9,715.0,0.0
1788905700,1.16215,1.99,1.2662,-760.0,20.0,76.6,0.0,1970.0,794.6,589.5,585.9,699.0,0.0
1788906600,0.86227,1.69,0.9663,0.0,729.0,76.6,0.0,1970.0,794.6,589.5,585.9,680.0,0.0
1788907500,0.94394,1.78,1.0479,0.0,600.0,76.6,0.0,1970.0,794.6,589.5,585.9,560.0,0.0
1788908400,0.82613,1.66,0.9301,0.0,659.0,76.6,0.0,1970.0,794.6,589.5,585.9,635.0,0.0
1788909300,1.12255,1.95,1.2266,-684.0,-4.0,75.5,0.0,1970.0,794.6,589.5,585.9,625.0,0.0
1788910200,1.05795,1.89,1.162,-650.0,-26.0,75.5,0.0,1970.0,794.6,589.5,585.9,592.0,0.0
1788911100,1.00809,1.84,1.1121,0.0,892.0,74.4,0.0,1970.0,794.6,589.5,585.9,801.0,0.0
1788912000,0.99202,1.82,1.096,0.0,831.0,74.4,0.0,1970.0,794.6,589.5,585.9,787.0,0.0
1788912900,0.89251,1.72,0.9965,0.0,787.0,74.4,0.0,1970.0,794.6,589.5,585.9,718.0,0.0
1788913800,0.89239,1.72,0.9964,0.0,853.0,74.4,0.0,1970.0,794.6,589.5,585.9,800.0,0.0
1788914700,0.89239,1.72,0.9964,0.0,845.0,74.4,0.0,1970.0,794.6,589.5,585.9,812.0,0.0
1788915600,0.89239,1.72,0.9964,0.0,799.0,74.4,0.0,1970.0,794.6,589.5,585.9,767.0,0.0
1788916500,0.89998,1.73,1.004,0.0,1117.0,74.4,0.0,1970.0,794.6,589.5,585.9,1075.0,0.0
1788917400,0.84208,1.67,0.9461,0.0,1113.0,74.4,0.0,1970.0,794.6,589.5,585.9,1046.0,0.0
1788918300,0.97651,1.81,1.0805,0.0,1056.0,74.4,0.0,1970.0,794.6,589.5,585.9,986.0,0.0
1788919200,0.90924,1.74,1.0132,0.0,1111.0,74.4,0.0,1970.0,794.6,589.5,585.9,1052.0,0.0
1788920100,0.83672,1.67,0.9407,0.0,1109.0,74.4,0.0,1970.0,794.6,589.5,585.9,1046.0,0.0
1788921000,1.06119,1.89,1.1652,0.0,1306.0,74.4,0.0,1970.0,794.6,589.5,585.9,1258.0,0.0
1788921900,1.09734,1.93,1.2013,-929.0,-19.0,73.3,0.0,1970.0,794.6,589.5,585.9,1092.0,0.0
1788922800,1.1182,1.95,1.2222,-1106.0,-3.0,72.2,0.0,1970.0,794.6,589.5,585.9,1064.0,0.0
1788923700,0.92977,1.76,1.0338,-1040.0,30.0,71.1,0.0,1970.0,794.6,589.5,585.9,1031.0,0.0
1788924600,1.08797,1.92,1.192,-1128.0,-40.0,70.0,0.0,1970.0,794.6,589.5,585.9,1073.0,0.0
1788925500,1.17197,2.0,1.276,-1390.0,-14.0,67.7,43.0,1970.0,794.6,589.5,585.9,1370.0,0.0
1788926400,1.26647,2.1,1.3705,-1748.0,-153.0,65.5,25.0,1970.0,794.6,589.5,585.9,1715.0,0.0
1788927300,1.24873,2.08,1.3527,-1417.0,23.0,63.3,0.0,1970.0,794.6,589.5,585.9,1366.0,0.0
1788928200,1.36107,2.19,1.4651,-1390.0,6.0,61.1,47.0,1970.0,794.6,589.5,585.9,1341.0,0.0
1788929100,1.4684,2.3,1.5724,-1080.0,16.0,60.0,29.0,1970.0,794.6,589.5,585.9,1010.0,0.0
1788930000,1.61008,2.44,1.7141,-1087.0,-39.0,57.7,0.0,1970.0,794.6,589.5,585.9,1071.0,0.0
1788930900,1.65571,2.49,1.7597,-907.0,22.0,56.6,0.0,1970.0,794.6,589.5,585.9,1001.0,0.0
1788931800,1.7656,2.6,1.8696,-969.0,15.0,55.5,0.0,1970.0,794.6,589.5,585.9,1024.0,0.0
1788932700,1.82863,2.66,1.9326,-881.0,-32.0,54.4,0.0,1970.0,794.6,589.5,585.9,1138.0,0.0
1788933600,1.72019,2.55,1.8242,-688.0,29.0,52.2,0.0,1970.2,794.8,589.5,585.9,1070.0,0.0
1788934500,1.87226,2.7,1.9763,-9486.0,-8496.0,41.1,8468.0,1970.2,794.8,589.5,585.9,1139.0,0.0
1788935400,1.87449,2.71,1.9785,-6964.0,-6100.0,31.1,6071.0,1970.4,795.0,589.5,585.9,1217.0,0.0
1788936300,1.79595,2.63,1.9,-2279.0,-2160.0,27.7,2148.0,1970.5,795.1,589.5,585.9,1131.0,0.0
1788937200,1.75545,2.59,1.8595,-487.0,4.0,27.7,0.0,1970.9,795.5,589.5,585.9,1303.0,0.0
1788938100,1.80521,2.64,1.9092,-872.0,-665.0,26.6,683.0,1971.1,795.7,589.5,585.9,1246.0,0.0
1788939000,1.67423,2.51,1.7782,0.0,-394.0,26.6,345.0,1971.5,796.1,589.5,585.9,789.0,0.0
1788939900,1.49026,2.32,1.5943,0.0,-778.0,26.6,706.0,1971.7,796.2,589.5,586.0,793.0,0.0
1788940800,1.4414,2.27,1.5454,-343.0,0.0,26.6,0.0,1972.1,796.5,589.5,586.1,861.0,0.0
1788941700,1.43727,2.27,1.5413,0.0,-366.0,25.5,327.0,1972.3,796.6,589.5,586.2,794.0,0.0
1788942600,1.37223,2.2,1.4762,439.0,-772.0,26.6,747.0,1972.8,796.9,589.5,586.4,817.0,0.0
1788943500,1.19417,2.03,1.2982,1635.0,-50.0,27.7,0.0,1973.2,797.1,589.7,586.4,869.0,0.0
1788944400,1.09957,1.93,1.2036,1236.0,-4.0,30.0,0.0,1973.9,797.4,590.1,586.4,797.0,0.0
1788945300,1.19328,2.02,1.2973,0.0,-789.0,30.0,648.0,1974.3,797.5,590.2,586.6,628.0,0.0
1788946200,1.11563,1.95,1.2196,-136.0,-36.0,30.0,0.0,1974.7,797.8,590.2,586.7,905.0,0.0
1788947100,1.0082,1.84,1.1122,229.0,-20.0,30.0,0.0,1974.8,797.9,590.2,586.7,622.0,0.0
1788948000,0.88258,1.71,0.9866,571.0,45.0,30.0,0.0,1975.2,798.2,590.3,586.7,675.0,0.0
1788948900,1.04077,1.87,1.1448,1731.0,57.0,31.1,110.0,1975.5,798.3,590.5,586.7,707.0,0.0
1788949800,0.95175,1.78,1.0557,1177.0,29.0,35.5,0.0,1976.6,798.6,591.3,586.7,684.0,0.0
1788950700,0.85826,1.69,0.9623,1906.0,-82.0,36.6,0.0,1976.9,798.8,591.4,586.7,2505.0,0.0
1788951600,0.78094,1.61,0.8849,3881.0,-42.0,40.0,0.0,1978.4,799.5,592.2,586.7,776.0,0.0
1788952500,0.87745,1.71,0.9814,4382.0,50.0,44.4,0.0,1979.1,799.7,592.7,586.7,678.0,0.0
1788953400,0.78083,1.61,0.8848,4919.0,-21.0,48.8,0.0,1980.8,800.0,594.0,586.8,691.0,0.0
1788954300,0.68678,1.52,0.7908,-1126.0,-20.0,51.1,0.0,1981.4,800.1,594.5,586.8,2585.0,0.0
1788955200,0.66704,1.5,0.771,501.0,19.0,51.1,46.0,1982.0,800.6,594.6,586.8,460.0,0.0
1788956100,0.66782,1.5,0.7718,1427.0,-39.0,52.2,0.0,1982.2,800.7,594.7,586.8,844.0,0.0
1788957000,0.68578,1.52,0.7898,891.0,-14.0,53.3,0.0,1982.7,800.9,595.0,586.8,753.0,0.0
1788957900,0.66224,1.49,0.7662,4445.0,1397.0,58.8,0.0,1983.3,801.0,595.5,586.8,697.0,0.0
1788958800,0.68567,1.52,0.7897,3447.0,559.0,63.3,0.0,1984.5,801.0,596.7,586.8,677.0,0.0
1788959700,0.64394,1.48,0.7479,10002.0,7217.0,75.5,0.0,1985.0,801.0,597.2,586.8,759.0,0.0
1788960600,0.75372,1.58,0.8577,2630.0,22.0,78.8,41.0,1986.1,801.2,598.1,586.8,690.0,0.0
1788961500,0.84855,1.68,0.9526,2456.0,26.0,82.2,0.0,1986.7,801.4,598.5,586.8,693.0,0.0
1788962400,0.89094,1.72,0.9949,652.0,-45.0,84.4,0.0,1987.5,801.6,599.1,586.8,539.0,0.0
1788963300,0.72505,1.56,0.829,4843.0,3545.0,90.0,0.0,1988.0,801.7,599.5,586.8,665.0,0.0
1788964200,0.95052,1.78,1.0545,368.0,-32.0,90.0,0.0,1988.6,801.8,600.0,586.8,696.0,0.0
1788965100,1.23869,2.07,1.3427,551.0,4.0,90.0,26.0,1988.9,802.0,600.1,586.8,674.0,0.0
1788966000,1.34311,2.17,1.4471,410.0,0.0,90.0,0.0,1989.3,802.2,600.3,586.8,400.0,0.0
1788966900,1.16684,2.0,1.2708,123.0,32.0,90.0,0.0,1989.4,802.3,600.3,586.8,413.0,0.0
1788967800,1.42221,2.25,1.5262,0.0,4.0,90.0,0.0,1989.6,802.4,600.4,586.8,455.0,0.0
1788968700,1.47754,2.31,1.5815,1478.0,0.0,90.0,0.0,1989.7,802.5,600.4,586.8,408.0,0.0
1788969600,1.57572,2.41,1.6797,0.0,-65.0,90.0,66.0,1990.1,802.7,600.6,586.8,402.0,0.0
1788970500,1.51146,2.34,1.6155,168.0,-10.0,90.0,32.0,1990.2,802.8,600.6,586.8,497.0,0.0
1788971400,1.6006,2.43,1.7046,-288.0,-24.0,90.0,0.0,1990.5,803.0,600.7,586.8,413.0,0.0
1788972300,1.64991,2.48,1.7539,-394.0,-17.0,88.8,33.0,1990.5,803.0,600.7,586.8,434.0,0.0
1788973200,1.64935,2.48,1.7534,-493.0,5.0,88.8,0.0,1990.5,803.0,600.7,586.8,519.0,0.0
1788974100,1.73659,2.57,1.8406,-575.0,-34.0,87.7,46.0,1990.5,803.0,600.7,586.8,557.0,0.0
1788975000,1.76482,2.6,1.8688,-702.0,-9.0,86.6,23.0,1990.5,803.0,600.7,586.8,616.0,0.0
1788975900,1.70424,2.54,1.8082,-750.0,-26.0,85.5,0.0,1990.5,803.0,600.7,586.8,713.0,0.0
1788976800,1.5263,2.36,1.6303,-566.0,21.0,84.4,0.0,1990.5,803.0,600.7,586.8,508.0,0.0
1788977700,1.68316,2.51,1.7872,-546.0,-5.0,83.3,0.0,1990.5,803.0,600.7,586.8,479.0,0.0
1788978600,1.50599,2.34,1.61,-572.0,34.0,83.3,0.0,1990.5,803.0,600.7,586.8,570.0,0.0
1788979500,1.38651,2.22,1.4905,-553.0,12.0,82.2,45.0,1990.5,803.0,600.7,586.8,494.0,0.0
1788980400,1.30864,2.14,1.4126,-620.0,-19.0,81.1,0.0,1990.5,803.0,600.7,586.8,588.0,0.0
1788981300,1.45032,2.28,1.5543,-712.0,-5.0,80.0,0.0,1990.5,803.0,600.7,586.8,686.0,0.0
1788982200,1.37223,2.2,1.4762,-660.0,17.0,78.8,0.0,1990.5,803.0,600.7,586.8,624.0,0.0
1788983100,1.31957,2.15,1.4236,-904.0,-43.0,77.7,0.0,1990.5,803.0,600.7,586.8,825.0,0.0
1788984000,1.11563,1.95,1.2196,-1333.0,14.0,76.6,0.0,1990.5,803.0,600.7,586.8,1253.0,0.0
1788984900,0.89251,1.72,0.9965,-1290.0,16.0,74.4,21.0,1990.5,803.0,600.7,586.8,1275.0,0.0
1788985800,0.72505,1.56,0.829,-1315.0,-17.0,73.3,0.0,1990.5,803.0,600.7,586.8,1229.0,0.0
1788986700,0.48006,1.31,0.5841,-1361.0,30.0,71.1,43.0,1990.5,803.0,600.7,586.8,1283.0,0.0
1788987600,0.33469,1.17,0.4387,0.0,1300.0,71.1,0.0,1990.5,803.0,600.7,586.8,1229.0,0.0
1788988500,0.70396,1.54,0.808,-794.0,4.0,70.0,0.0,1990.5,803.0,600.7,586.8,775.0,0.0
1788989400,0.49445,1.33,0.5985,-845.0,-21.0,68.8,0.0,1990.5,803.0,600.7,586.8,840.0,0.0
1788990300,0.37452,1.21,0.4785,0.0,831.0,68.8,0.0,1990.5,803.0,600.7,586.8,767.0,0.0
1788991200,0.20639,1.04,0.3104,0.0,902.0,68.8,0.0,1990.5,803.0,600.7,586.8,891.0,0.0
1788992100,0.47076,1.3,0.5748,-878.0,-3.0,67.7,33.0,1990.5,803.0,600.7,586.8,830.0,0.0
1788993000,0.46429,1.3,0.5683,-683.0,-10.0,66.6,0.0,1990.5,803.0,600.7,586.8,644.0,0.0
1788993900,0.35759,1.19,0.4616,0.0,668.0,66.6,0.0,1990.5,803.0,600.7,586.8,629.0,0.0
1788994800,0.2453,1.08,0.3493,0.0,728.0,66.6,0.0,1990.5,803.0,600.7,586.8,684.0,0.0
1788995700,0.4682,1.3,0.5722,-703.0,-9.0,65.5,0.0,1990.5,803.0,600.7,586.8,649.0,0.0
1788996600,0.44634,1.28,0.5503,-729.0,-15.0,64.4,28.0,1990.5,803.0,600.7,586.8,654.0,0.0
1788997500,0.24988,1.08,0.3539,0.0,743.0,64.4,0.0,1990.5,803.0,600.7,586.8,736.0,0.0
1788998400,0.1532,0.98,0.2572,0.0,681.0,64.4,0.0,1990.5,803.0,600.7,586.8,645.0,0.0
1788999300,0.44378,1.28,0.5478,-9991.0,1709.0,52.2,0.0,1990.5,803.0,600.7,586.8,11371.0,10564.789
1789000200,0.22312,1.05,0.3271,0.0,4903.0,51.1,0.0,1990.5,803.0,600.7,586.8,4840.0,4092.88
1789001100,0.1289,0.96,0.2329,0.0,11382.0,51.1,0.0,1990.5,803.0,600.7,586.8,11284.0,10519.17
1789002000,0.11931,0.95,0.2233,0.0,7251.0,51.1,0.0,1990.5,803.0,600.7,586.8,7186.0,6473.523
1789002900,0.20583,1.04,0.3098,0.0,5124.0,51.1,0.0,1990.5,803.0,600.7,586.8,5104.0,4073.659
1789003800,0.11975,0.95,0.2238,0.0,970.0,51.1,0.0,1990.5,803.0,600.7,586.8,922.0,0.0
1789004700,0.1192,0.95,0.2232,0.0,982.0,51.1,0.0,1990.5,803.0,600.7,586.8,949.0,0.0
1789005600,0.11306,0.94,0.2171,0.0,1037.0,51.1,0.0,1990.5,803.0,600.7,586.8,977.0,0.0
1789006500,0.11362,0.94,0.2176,0.0,1005.0,51.1,0.0,1990.5,803.0,600.7,586.8,978.0,0.0
1789007400,0.11172,0.94,0.2157,9423.0,11057.0,62.2,0.0,1990.5,803.0,600.7,586.8,1015.0,0.0
1789008300,0.1115,0.94,0.2155,9711.0,11129.0,74.4,0.0,1990.5,803.0,600.7,586.8,1083.0,0.0
1789009200,0.10637,0.94,0.2104,9716.0,11065.0,86.6,0.0,1990.5,803.0,600.7,586.8,1005.0,0.0
1789010100,0.10459,0.94,0.2086,4117.0,5262.0,95.5,0.0,1990.5,803.0,600.7,586.8,1022.0,0.0
1789011000,0.10604,0.94,0.21,1328.0,2757.0,96.6,0.0,1990.5,803.0,600.7,586.8,1355.0,0.0
1789011900,0.12053,0.95,0.2245,882.0,2583.0,97.7,0.0,1990.5,803.0,600.7,586.8,1590.0,0.0
1789012800,0.12131,0.95,0.2253,0.0,1636.0,97.7,0.0,1990.5,803.0,600.7,586.8,1597.0,0.0
1789013700,0.10359,0.93,0.2076,0.0,1370.0,97.7,0.0,1990.5,803.0,600.7,586.8,1333.0,0.0
1789014600,0.12377,0.96,0.2278,0.0,1227.0,97.7,0.0,1990.5,803.0,600.7,586.8,1211.0,0.0
1789015500,0.31232,1.14,0.4163,0.0,1134.0,97.7,0.0,1990.5,803.0,600.7,586.8,1268.0,0.0
1789016400,0.5264,1.36,0.6304,-889.0,19.0,96.6,0.0,1990.5,803.0,600.7,586.8,1247.0,0.0
1789017300,0.14105,0.97,0.245,880.0,1562.0,96.6,0.0,1990.7,803.1,600.8,586.8,1292.0,0.0
1789018200,0.44378,1.28,0.5478,0.0,1078.0,96.6,0.0,1990.7,803.1,600.8,586.8,1306.0,0.0
1789019100,0.48492,1.32,0.5889,0.0,1038.0,96.6,0.0,1990.8,803.2,600.8,586.8,1316.0,0.0
1789020000,0.64403,1.48,0.748,0.0,274.0,95.5,0.0,1990.9,803.3,600.8,586.8,1265.0,0.0
1789020900,0.32046,1.15,0.4245,884.0,-11.0,95.5,223.0,1991.3,803.6,600.9,586.8,690.0,0.0
1789021800,0.48983,1.32,0.5938,183.0,-19.0,95.5,0.0,1991.5,803.7,601.0,586.8,665.0,0.0
1789022700,0.51659,1.35,0.6206,177.0,25.0,95.5,0.0,1991.8,804.0,601.0,586.8,372.0,0.0
1789023600,0.65541,1.49,0.7594,0.0,83.0,95.5,0.0,1992.0,804.1,601.1,586.8,644.0,0.0
1789024500,0.49083,1.32,0.5948,0.0,44.0,95.5,0.0,1992.2,804.3,601.1,586.8,656.0,0.0
1789025400,0.50432,1.34,0.6083,-137.0,-4.0,95.5,0.0,1992.3,804.4,601.1,586.8,611.0,0.0
1789026300,0.50087,1.33,0.6049,0.0,5.0,94.4,0.0,1992.5,804.6,601.1,586.8,662.0,0.0
1789027200,0.55104,1.38,0.655,131.0,0.0,94.4,0.0,1992.7,804.7,601.2,586.8,844.0,0.0
1789028100,0.55751,1.39,0.6615,0.0,-141.0,94.4,154.0,1993.1,805.0,601.2,586.9,767.0,0.0
1789029000,0.54892,1.38,0.6529,-132.0,17.0,94.4,0.0,1993.2,805.1,601.2,586.9,844.0,0.0
1789029900,0.49395,1.33,0.5979,0.0,44.0,94.4,0.0,1993.4,805.3,601.2,586.9,605.0,0.0
1789030800,0.48448,1.32,0.5885,285.0,20.0,94.4,0.0,1993.5,805.4,601.2,586.9,755.0,0.0
1789031700,0.47868,1.31,0.5827,0.0,-803.0,94.4,832.0,1993.9,805.7,601.2,587.0,603.0,0.0
1789032600,0.48247,1.31,0.5865,0.0,-14.0,94.4,0.0,1994.1,805.8,601.2,587.1,834.0,0.0
1789033500,0.48236,1.31,0.5864,0.0,-219.0,93.3,254.0,1994.3,806.0,601.2,587.1,404.0,0.0
1789034400,0.46429,1.3,0.5683,-238.0,-10.0,93.3,27.0,1994.4,806.1,601.2,587.1,691.0,0.0
1789035300,0.54993,1.38,0.6539,-146.0,8.0,93.3,0.0,1994.6,806.3,601.2,587.1,837.0,0.0
1789036200,0.47121,1.3,0.5752,319.0,-8.0,93.3,0.0,1994.9,806.4,601.3,587.2,559.0,0.0
1789037100,0.42326,1.25,0.5273,509.0,21.0,93.3,0.0,1995.3,806.6,601.5,587.2,910.0,0.0
1789038000,0.37844,1.21,0.4824,0.0,-2193.0,100.0,2213.0,1995.6,806.8,601.6,587.2,597.0,0.0
1789038900,0.47165,1.3,0.5756,-403.0,5.0,100.0,0.0,1996.5,807.0,601.6,587.9,779.0,0.0
1789039800,0.43341,1.26,0.5374,593.0,25.0,98.8,32.0,1996.6,807.1,601.6,587.9,901.0,0.0
1789040700,0.41044,1.24,0.5144,-438.0,25.0,98.8,0.0,1996.9,807.3,601.7,587.9,772.0,0.0
1789041600,0.42215,1.25,0.5262,0.0,26.0,98.8,0.0,1997.0,807.4,601.7,587.9,479.0,0.0
1789042500,0.35669,1.19,0.4607,0.0,-26.0,98.8,0.0,1997.2,807.6,601.7,587.9,534.0,0.0
1789043400,0.4227,1.25,0.5267,-338.0,0.0,98.8,0.0,1997.2,807.6,601.7,587.9,620.0,0.0
1789044300,0.49105,1.32,0.595,-337.0,29.0,97.7,0.0,1997.4,807.8,601.7,587.9,770.0,0.0
1789045200,0.53409,1.37,0.6381,-313.0,39.0,97.7,0.0,1997.5,807.9,601.7,587.9,802.0,0.0
1789046100,0.38502,1.22,0.489,0.0,254.0,97.7,0.0,1997.7,808.1,601.7,587.9,840.0,0.0
1789047000,0.44489,1.28,0.5489,117.0,-39.0,97.7,0.0,1997.8,808.2,601.7,587.9,760.0,0.0
1789047900,0.48994,1.32,0.5939,0.0,117.0,97.7,0.0,1998.2,808.5,601.8,587.9,659.0,0.0
1789048800,0.55862,1.39,0.6626,381.0,26.0,97.7,0.0,1998.3,808.6,601.8,587.9,977.0,0.0
1789049700,0.43921,1.27,0.5432,449.0,0.0,97.7,0.0,1998.7,808.9,601.9,587.9,827.0,0.0
1789050600,0.46976,1.3,0.5738,0.0,715.0,97.7,0.0,1998.9,809.0,602.0,587.9,838.0,0.0
1789051500,0.46385,1.3,0.5678,0.0,252.0,97.7,0.0,1999.0,809.1,602.0,587.9,432.0,0.0
1789052400,0.58037,1.41,0.6844,0.0,341.0,97.7,0.0,1999.1,809.2,602.0,587.9,642.0,0.0
1789053300,0.80114,1.63,0.9051,0.0,699.0,97.7,0.0,1999.2,809.3,602.0,587.9,861.0,0.0
1789054200,0.91844,1.75,1.0224,133.0,28.0,97.7,0.0,1999.3,809.4,602.0,587.9,405.0,0.0
1789055100,0.99939,1.83,1.1034,-310.0,4.0,97.7,0.0,1999.5,809.6,602.0,587.9,797.0,0.0
1789056000,1.07677,1.91,1.1808,-556.0,0.0,96.6,0.0,1999.5,809.6,602.0,587.9,837.0,0.0
1789056900,1.34025,2.17,1.4443,-548.0,-35.0,95.5,47.0,1999.7,809.8,602.0,587.9,935.0,0.0
1789057800,1.37136,2.2,1.4754,-465.0,13.0,95.5,0.0,1999.8,809.9,602.0,587.9,605.0,0.0
1789058700,1.43692,2.27,1.5409,-728.0,46.0,94.4,0.0,1999.8,809.9,602.0,587.9,829.0,0.0
1789059600,1.78091,2.61,1.8849,-359.0,19.0,94.4,0.0,1999.8,809.9,602.0,587.9,442.0,0.0
1789060500,2.02867,2.86,2.1327,-813.0,-38.0,93.3,0.0,1999.9,810.0,602.0,587.9,788.0,0.0
1789061400,1.90624,2.74,2.0102,-939.0,7.0,92.2,0.0,1999.9,810.0,602.0,587.9,908.0,0.0
1789062300,1.79908,2.63,1.9031,-629.0,-3.0,91.1,0.0,1999.9,810.0,602.0,587.9,581.0,0.0
1789063200,1.78135,2.61,1.8854,-875.0,8.0,90.0,0.0,1999.9,810.0,602.0,587.9,818.0,0.0
1789064100,1.91215,2.74,2.0162,-1020.0,13.0,88.8,0.0,1999.9,810.0,602.0,587.9,1006.0,0.0
1789065000,2.38703,3.22,2.491,-1024.0,29.0,87.7,22.0,1999.9,810.0,602.0,587.9,986.0,0.0
1789065900,2.04104,2.87,2.145,-1223.0,21.0,85.5,0.0,1999.9,810.0,602.0,587.9,1165.0,0.0
1789066800,1.70219,2.53,1.8062,-1463.0,24.0,84.4,20.0,1999.9,810.0,602.0,587.9,1385.0,0.0
1789067700,1.70787,2.54,1.8119,-1436.0,-12.0,82.2,0.0,1999.9,810.0,602.0,587.9,1339.0,0.0
1789068600,1.56047,2.39,1.6645,-1017.0,0.0,81.1,0.0,1999.9,810.0,602.0,587.9,995.0,0.0
1789069500,1.38318,2.21,1.4872,-1406.0,11.0,78.8,0.0,1999.9,810.0,602.0,587.9,1329.0,0.0
1789070400,1.34928,2.18,1.4533,-680.0,29.0,77.7,0.0,1999.9,810.0,602.0,587.9,632.0,0.0
1789071300,1.38073,2.21,1.4847,-841.0,-36.0,76.6,20.0,1999.9,810.0,602.0,587.9,777.0,0.0
1789072200,1.34594,2.18,1.4499,-737.0,23.0,75.5,55.0,1999.9,810.0,602.0,587.9,667.0,0.0
1789073100,1.30914,2.14,1.4131,-690.0,-13.0,74.4,27.0,1999.9,810.0,602.0,587.9,632.0,0.0
1789074000,1.22641,2.06,1.3304,-861.0,8.0,73.3,0.0,1999.9,810.0,602.0,587.9,844.0,0.0
1789074900,1.2913,2.12,1.3953,-648.0,14.0,72.2,0.0,1999.9,810.0,602.0,587.9,611.0,0.0
1789075800,1.2738,2.11,1.3778,-816.0,31.0,71.1,0.0,1999.9,810.0,602.0,587.9,784.0,0.0
1789076700,1.05927,1.89,1.1633,-633.0,21.0,70.0,0.0,1999.9,810.0,602.0,587.9,606.0,0.0
1789077600,0.83749,1.67,0.9415,-834.0,35.0,68.8,0.0,1999.9,810.0,602.0,587.9,815.0,0.0
1789078500,0.79022,1.62,0.8942,-567.0,33.0,67.7,0.0,1999.9,810.0,602.0,587.9,560.0,0.0
1789079400,0.72868,1.56,0.8327,-623.0,-23.0,67.7,0.0,1999.9,810.0,602.0,587.9,612.0,0.0
1789080300,0.51473,1.35,0.6187,0.0,692.0,67.7,0.0,1999.9,810.0,602.0,587.9,648.0,0.0
1789081200,0.43629,1.27,0.5403,0.0,567.0,67.7,0.0,1999.9,810.0,602.0,587.9,542.0,0.0
1789082100,0.62562,1.46,0.7296,-618.0,-28.0,66.6,0.0,1999.9,810.0,602.0,587.9,612.0,0.0
1789083000,0.62562,1.46,0.7296,-450.0,-38.0,65.5,0.0,1999.9,810.0,602.0,587.9,417.0,0.0
1789083900,0.45117,1.28,0.5552,0.0,579.0,65.5,0.0,1999.9,810.0,602.0,587.9,560.0,0.0
1789084800,0.44613,1.28,0.5501,0.0,475.0,65.5,0.0,1999.9,810.0,602.0,587.9,453.0,0.0
1789085700,0.41872,1.25,0.5227,0.0,4712.0,65.5,0.0,1999.9,810.0,602.0,587.9,4670.0,4068.998
1789086600,0.39668,1.23,0.5007,0.0,11188.0,65.5,0.0,1999.9,810.0,602.0,587.9,11130.0,10404.95
1789087500,0.38549,1.22,0.4895,0.0,7747.0,65.5,0.0,1999.9,810.0,602.0,587.9,7685.0,7181.087
1789088400,0.39298,1.22,0.497,0.0,11254.0,65.5,0.0,1999.9,810.0,602.0,587.9,11178.0,10550.645
1789089300,0.35561,1.19,0.4596,0.0,11537.0,65.5,0.0,1999.9,810.0,602.0,587.9,11442.0,10510.955
1789090200,0.37586,1.21,0.4799,0.0,935.0,65.5,0.0,1999.9,810.0,602.0,587.9,902.0,0.0
1789091100,0.43461,1.27,0.5386,0.0,859.0,65.5,0.0,1999.9,810.0,602.0,587.9,831.0,0.0
1789092000,0.45665,1.29,0.5606,0.0,755.0,65.5,0.0,1999.9,810.0,602.0,587.9,733.0,0.0
1789092900,0.33681,1.17,0.4408,0.0,971.0,65.5,0.0,1999.9,810.0,602.0,587.9,943.0,0.0
1789093800,0.39712,1.23,0.5011,0.0,927.0,65.5,0.0,1999.9,810.0,602.0,587.9,900.0,0.0
1789094700,0.4148,1.25,0.5188,0.0,919.0,65.5,0.0,1999.9,810.0,602.0,587.9,900.0,0.0
1789095600,0.5671,1.4,0.6711,-985.0,0.0,64.4,0.0,1999.9,810.0,602.0,587.9,943.0,0.0
1789096500,0.64207,1.47,0.7461,-947.0,-9.0,63.3,0.0,1999.9,810.0,602.0,587.9,896.0,0.0
1789097400,0.95102,1.78,1.055,-1054.0,22.0,62.2,0.0,1999.9,810.0,602.0,587.9,960.0,0.0
1789098300,1.06302,1.89,1.167,-1718.0,-323.0,60.0,0.0,1999.9,810.0,602.0,587.9,1572.0,0.0
1789099200,1.28693,2.12,1.3909,-1289.0,0.0,57.7,0.0,1999.9,810.0,602.0,587.9,1343.0,0.0
1789100100,1.24419,2.08,1.3482,-2591.0,-19.0,54.4,0.0,1999.9,810.0,602.0,587.9,2547.0,1694.239
1789101000,1.30886,2.14,1.4129,-2718.0,4.0,51.1,61.0,1999.9,810.0,602.0,587.9,2675.0,1822.096
1789101900,1.33695,2.17,1.441,-1002.0,29.0,48.8,23.0,1999.9,810.0,602.0,587.9,1095.0,0.0
1789102800,1.56645,2.4,1.6704,-1019.0,26.0,47.7,46.0,1999.9,810.0,602.0,587.9,1398.0,0.0
1789103700,1.39905,2.23,1.503,-1002.0,28.0,45.5,33.0,2000.0,810.1,602.0,587.9,1459.0,0.0
1789104600,1.51285,2.34,1.6169,-646.0,6.0,44.4,34.0,2000.1,810.2,602.0,587.9,1336.0,0.0
1789105500,1.62687,2.46,1.7309,-8622.0,-8101.0,33.3,8092.0,2000.4,810.5,602.0,587.9,1460.0,0.0
1789106400,1.62777,2.46,1.7318,-7975.0,-7823.0,22.2,7819.0,2000.7,810.8,602.0,587.9,1612.0,0.0
1789107300,1.59957,2.43,1.7036,-463.0,-13.0,22.2,0.0,2001.2,811.3,602.0,587.9,1330.0,0.0
1789108200,1.58749,2.42,1.6915,-482.0,-31.0,21.1,0.0,2001.3,811.4,602.0,587.9,1412.0,0.0
1789109100,1.6083,2.44,1.7123,-7205.0,-7417.0,14.4,7366.0,2001.7,811.8,602.0,587.9,1435.0,0.0
1789110000,1.50043,2.33,1.6044,0.0,-808.0,14.4,834.0,2001.9,812.0,602.0,587.9,722.0,0.0
1789110900,1.55537,2.39,1.6594,-4401.0,-6213.0,10.0,6180.0,2002.6,812.3,602.0,588.3,937.0,0.0
1789111800,1.47335,2.3,1.5774,-3200.0,-4616.0,8.8,4578.0,2002.9,812.5,602.0,588.4,886.0,0.0
1789112700,1.47559,2.31,1.5796,0.0,-1676.0,8.8,1716.0,2003.8,812.9,602.0,588.9,688.0,0.0
1789113600,1.42837,2.26,1.5324,-2001.0,-3239.0,8.8,3221.0,2004.2,813.0,602.0,589.2,940.0,0.0
1789114500,1.42949,2.26,1.5335,-2001.0,-3071.0,8.8,3047.0,2005.0,813.4,602.0,589.6,688.0,0.0
1789115400,1.38316,2.21,1.4872,-2002.0,-2228.0,6.6,2245.0,2005.2,813.5,602.0,589.7,518.0,0.0
1789116300,1.33527,2.17,1.4393,-1201.0,-631.0,6.6,597.0,2005.4,813.7,602.0,589.7,947.0,0.0
1789117200,1.28122,2.11,1.3852,-456.0,6.0,6.6,0.0,2005.5,813.8,602.0,589.7,998.0,0.0
1789118100,1.25806,2.09,1.3621,0.0,-1380.0,6.6,1457.0,2006.0,814.1,602.0,589.9,683.0,0.0
1789119000,1.21409,2.05,1.3181,0.0,-1645.0,6.6,1651.0,2006.4,814.2,602.0,590.2,708.0,0.0
1789119900,1.16194,1.99,1.2659,0.0,-566.0,6.6,564.0,2007.0,814.5,602.0,590.5,668.0,0.0
1789120800,1.07824,1.91,1.1822,0.0,-1703.0,6.6,1075.0,2007.3,814.6,602.0,590.7,846.0,0.0
1789121700,1.14214,1.97,1.2461,0.0,-3444.0,6.6,3346.0,2008.4,814.9,602.0,591.5,689.0,0.0
1789122600,1.05441,1.89,1.1584,0.0,-290.0,6.6,320.0,2009.1,815.1,602.0,592.0,513.0,0.0
1789123500,1.00708,1.84,1.1111,3298.0,-340.0,10.0,358.0,2010.4,815.4,602.5,592.5,1072.0,0.0
1789124400,1.00708,1.84,1.1111,1518.0,-1975.0,12.2,1935.0,2011.1,815.6,602.8,592.7,729.0,0.0
1789125300,0.87727,1.71,0.9813,150.0,8.0,15.5,0.0,2012.6,815.9,603.7,593.0,1003.0,0.0
1789126200,0.85378,1.69,0.9578,3148.0,-10.0,18.8,0.0,2013.0,816.1,603.9,593.0,1096.0,0.0
1789127100,0.85926,1.69,0.9633,372.0,-25.0,20.0,0.0,2013.8,816.4,604.4,593.0,847.0,0.0
1789128000,0.74042,1.57,0.8444,3002.0,-6.0,23.3,0.0,2014.3,816.6,604.7,593.0,802.0,0.0
1789128900,0.92987,1.76,1.0339,3293.0,10.0,26.6,0.0,2015.6,816.9,605.7,593.0,558.0,0.0
1789129800,0.87548,1.71,0.9795,3314.0,-29.0,31.1,0.0,2016.2,817.0,606.2,593.0,784.0,0.0
1789130700,0.87862,1.71,0.9826,3615.0,-4.0,35.5,0.0,2017.5,817.3,607.2,593.0,474.0,0.0
1789131600,0.78317,1.61,0.8872,2875.0,8.0,38.8,26.0,2018.2,817.4,607.8,593.0,746.0,0.0
1789132500,0.88175,1.71,0.9858,507.0,-25.0,42.2,0.0,2019.4,817.7,608.7,593.0,454.0,0.0
1789133400,0.88052,1.71,0.9845,2792.0,7.0,44.4,27.0,2019.8,817.8,609.0,593.0,824.0,0.0
1789134300,0.95102,1.78,1.055,2860.0,-61.0,46.6,0.0,2020.6,818.0,609.6,593.0,591.0,0.0
1789135200,0.99242,1.82,1.0964,406.0,16.0,48.8,0.0,2021.0,818.1,609.9,593.0,767.0,0.0
1789136100,0.96086,1.79,1.0649,124.0,0.0,50.0,0.0,2021.6,818.4,610.2,593.0,513.0,0.0
1789137000,1.03539,1.87,1.1394,-203.0,-3.0,50.0,0.0,2021.9,818.5,610.3,593.1,769.0,0.0
1789137900,1.09424,1.93,1.1982,586.0,-26.0,51.1,0.0,2022.3,818.8,610.4,593.1,504.0,0.0
1789138800,1.1973,2.03,1.3013,1289.0,39.0,52.2,0.0,2022.6,818.9,610.6,593.1,706.0,0.0
1789139700,1.51296,2.34,1.617,1070.0,0.0,53.3,0.0,2023.3,819.2,611.0,593.1,550.0,0.0
1789140600,1.72456,2.56,1.8286,555.0,0.0,54.4,0.0,2023.5,819.3,611.1,593.1,659.0,0.0
1789141500,1.92609,2.76,2.0301,0.0,-532.0,54.4,536.0,2024.0,819.6,611.2,593.2,465.0,0.0
1789142400,2.07972,2.91,2.1837,0.0,64.0,54.4,0.0,2024.1,819.7,611.2,593.2,684.0,0.0
1789143300,2.14776,2.98,2.2518,0.0,84.0,54.4,0.0,2024.4,819.9,611.2,593.3,660.0,0.0
1789144200,2.1435,2.97,2.2475,-179.0,-29.0,54.4,0.0,2024.5,820.0,611.2,593.3,626.0,0.0
1789145100,1.85973,2.69,1.9637,-585.0,-21.0,53.3,20.0,2024.7,820.2,611.2,593.3,715.0,0.0
1789146000,1.74549,2.58,1.8495,-625.0,-15.0,53.3,0.0,2024.7,820.2,611.2,593.3,660.0,0.0
1789146900,2.10065,2.93,2.2046,-750.0,16.0,52.2,0.0,2024.7,820.2,611.2,593.3,717.0,0.0
1789147800,2.13646,2.97,2.2405,-767.0,-12.0,51.1,0.0,2024.7,820.2,611.2,593.3,690.0,0.0
1789148700,1.86689,2.7,1.9709,-922.0,-31.0,50.0,30.0,2024.7,820.2,611.2,593.3,857.0,0.0
1789149600,1.7456,2.58,1.8496,-1274.0,-33.0,48.8,0.0,2024.7,820.2,611.2,593.3,1220.0,0.0
1789150500,1.74549,2.58,1.8495,-1375.0,-6.0,46.6,0.0,2024.7,820.2,611.2,593.3,1365.0,0.0
1789151400,1.69457,2.53,1.7986,-1344.0,-21.0,44.4,0.0,2024.7,820.2,611.2,593.3,1309.0,0.0
1789152300,1.59375,2.42,1.6978,-1438.0,5.0,43.3,0.0,2024.7,820.2,611.2,593.3,1365.0,0.0
1789153200,1.45802,2.29,1.562,-1401.0,-23.0,41.1,0.0,2024.7,820.2,611.2,593.3,1357.0,0.0
1789154100,1.31703,2.15,1.421,-1461.0,0.0,38.8,71.0,2024.7,820.2,611.2,593.3,1330.0,0.0
1789155000,1.29297,2.12,1.397,-1429.0,0.0,37.7,0.0,2024.7,820.2,611.2,593.3,1389.0,0.0
1789155900,1.28011,2.11,1.3841,-902.0,-37.0,35.5,0.0,2024.7,820.2,611.2,593.3,848.0,0.0
1789156800,1.11886,1.95,1.2229,-939.0,26.0,34.4,0.0,2024.7,820.2,611.2,593.3,847.0,0.0
1789157700,1.11886,1.95,1.2229,-943.0,-54.0,33.3,0.0,2024.7,820.2,611.2,593.3,901.0,0.0
1789158600,1.06291,1.89,1.1669,-953.0,-8.0,32.2,22.0,2024.7,820.2,611.2,593.3,943.0,0.0
1789159500,1.00696,1.84,1.111,-619.0,37.0,31.1,0.0,2024.7,820.2,611.2,593.3,590.0,0.0
1789160400,0.62562,1.46,0.7296,0.0,493.0,31.1,0.0,2024.7,820.2,611.2,593.3,453.0,0.0
1789161300,0.62551,1.46,0.7295,0.0,788.0,31.1,0.0,2024.7,820.2,611.2,593.3,765.0,0.0
1789162200,0.60223,1.43,0.7062,0.0,808.0,31.1,0.0,2024.7,820.2,611.2,593.3,748.0,0.0
1789163100,0.5624,1.39,0.6664,9689.0,10692.0,42.2,0.0,2024.7,820.2,611.2,593.3,657.0,0.0
